ID,Name,Brand,Color,Variants,image_name,ImageName,ImageExt,ImageWsrv,Currency,Price,StockStatus,StockQuantity,Categories,Description,spec1,spec2,spec3,spec4,spec5,spec6,spec7,Image1,Image2,Image3,Image4
7411,Ahmed Al Maghribi Blu Oud,,,Volume: 100ML,Blue-Oud.webp,Blue-Oud,webp,https://wsrv.nl/?url=https%3A%2F%2Fmiddleeasternscents.co.ke%2Fwp-content%2Fuploads%2F2026%2F03%2FBlue-Oud.webp&w=768&fit=contain&trim=10&output=png,KShs,320000,instock,,"Fragrance, Male, Unisex","Top notes are Leather, Bergamot and Cypress Middle notes are Incense, Geranium and Violet Leaf Base notes are Agarwood, Oud, Guaiac Wood, Patchouli and Musk.",Volume: 100ML,,,,,,,https://middleeasternscents.co.ke/wp-content/uploads/2026/03/Blue-Oud.webp,https://middleeasternscents.co.ke/wp-content/uploads/2026/03/b.webp,https://middleeasternscents.co.ke/wp-content/uploads/2026/03/b-768x872.webp,https://middleeasternscents.co.ke/wp-content/uploads/2026/03/s-l1600-3.webp
7407,Dalal,,,,lattafa-dalal-perfume-bottle-gold-design.webp,lattafa-dalal-perfume-bottle-gold-design,webp,https://wsrv.nl/?url=https%3A%2F%2Fmiddleeasternscents.co.ke%2Fwp-content%2Fuploads%2F2026%2F03%2Flattafa-dalal-perfume-bottle-gold-design-768x768.webp&w=768&fit=contain&trim=10&output=png,KShs,340000,instock,,Fragrance,"Top notes: Apple and Mandarin. Middle notes: Jasmine, Ylang-Ylang and Orange. Base notes: Vanilla, Musk and Oakmoss. Dalal by Lattafa is a comforting gourmand-floral fragrance that blends fruity sweetness with creamy warmth and delicate florals. It opens with a juicy, inviting mix of apple and mandarin, delivering a bright yet smooth freshness that feels instantly uplifting and familiar. This luminous introduction creates a gentle sweetness that draws you in without overpowering the senses. At the heart, jasmine, ylang-ylang, and orange blossom unfold into a soft floral bouquet—elegant, slightly creamy, and subtly exotic. The fragrance settles into a warm base of vanilla, musk, and oakmoss, leaving a smooth, lightly powdery trail with a touch of mossy depth. Dalal leans feminine, cozy, and effortlessly charming—a perfect everyday scent for those who love sweet fragrances that feel comforting, graceful, and timeless.",Top notes: Apple and Mandarin.,"Middle notes: Jasmine, Ylang-Ylang and Orange.","Base notes: Vanilla, Musk and Oakmoss.",Concentration: Eau de Parfum,Olfactive family: Floral Sweet,Gender: Women,Brand: Lattafa,https://middleeasternscents.co.ke/wp-content/uploads/2026/03/lattafa-dalal-perfume-bottle-gold-design.webp,https://middleeasternscents.co.ke/wp-content/uploads/2026/03/lattafa-dalal-perfume-bottle-gold-design-768x768.webp,https://middleeasternscents.co.ke/wp-content/uploads/2026/03/lattafa-dalal-fragrance-floral-citrus-background.webp,https://middleeasternscents.co.ke/wp-content/uploads/2026/03/lattafa-dalal-fragrance-floral-citrus-background-768x768.webp
7364,Candy Apple,,,Volume: 50ml,Candy-Apple-Perfume-50ml-EDP-Tubbees-180837030.webp,Candy-Apple-Perfume-50ml-EDP-Tubbees-180837030,webp,https://wsrv.nl/?url=https%3A%2F%2Fmiddleeasternscents.co.ke%2Fwp-content%2Fuploads%2F2026%2F03%2FCandy-Apple-Perfume-50ml-EDP-Tubbees-180837030.webp&w=768&fit=contain&trim=10&output=png,KShs,140000,instock,,Fragrance,"Top Notes: Red Berries, Apple, Bergamot Middle Notes: Orange Blossom, Jasmine Base Notes: Sandalwood, Musk, Caramel, Vanilla","Top Notes: Red Berries, Apple, Bergamot","Middle Notes: Orange Blossom, Jasmine","Base Notes: Sandalwood, Musk, Caramel, Vanilla",Volume: 50ml,,,,https://middleeasternscents.co.ke/wp-content/uploads/2026/03/Candy-Apple-Perfume-50ml-EDP-Tubbees-180837030.webp,https://middleeasternscents.co.ke/wp-content/uploads/2026/03/Candy-Apple-Perfume-50ml-EDP-Tubbees-2.webp,https://middleeasternscents.co.ke/wp-content/uploads/2026/03/Candy-Apple-Perfume-50ml-EDP-Tubbees-180836723.webp,
7361,Blueberry Sorbet,,,,Blueberry-Sorbet-Perfume-50ml-EDP-Tubbee.webp,Blueberry-Sorbet-Perfume-50ml-EDP-Tubbee,webp,https://wsrv.nl/?url=https%3A%2F%2Fmiddleeasternscents.co.ke%2Fwp-content%2Fuploads%2F2026%2F03%2FBlueberry-Sorbet-Perfume-50ml-EDP-Tubbee.webp&w=768&fit=contain&trim=10&output=png,KShs,140000,instock,,Fragrance,"Top Notes: Blueberry, Lemon Peel, Orange Accord Middle Notes: Cherry, Rose, Cherry Blossom Base Notes: Musk, Amber, Cedarwood","Top Notes: Blueberry, Lemon Peel, Orange Accord","Middle Notes: Cherry, Rose, Cherry Blossom",,,,,,https://middleeasternscents.co.ke/wp-content/uploads/2026/03/Blueberry-Sorbet-Perfume-50ml-EDP-Tubbee.webp,https://middleeasternscents.co.ke/wp-content/uploads/2026/03/Blueberry-Sorbet-Perfume-50ml-EDP-Tubbees.webp,,
7359,Berry Explosion,,,Volume: 50ml,Berry-Explosion-Perfume-50ml-EDP-Tubbees-180835463.webp,Berry-Explosion-Perfume-50ml-EDP-Tubbees-180835463,webp,https://wsrv.nl/?url=https%3A%2F%2Fmiddleeasternscents.co.ke%2Fwp-content%2Fuploads%2F2026%2F03%2FBerry-Explosion-Perfume-50ml-EDP-Tubbees-180835463.webp&w=768&fit=contain&trim=10&output=png,KShs,140000,instock,,Fragrance,"Top Notes: Raspberries, Strawberry Purée, Blackcurrant Middle Notes: Rose, Blueberry Syrup,Violet Base Notes: Benzoin, Musk, Woody Notes","Top Notes: Raspberries, Strawberry Purée, Blackcurrant","Middle Notes: Rose, Blueberry Syrup,Violet","Base Notes: Benzoin, Musk, Woody Notes",Volume: 50ml,,,,https://middleeasternscents.co.ke/wp-content/uploads/2026/03/Berry-Explosion-Perfume-50ml-EDP-Tubbees-180835463.webp,,,
7339,Vanilla Voyage 25ml,,,Volume: 25ml,Bundle_Vanilla_Voyage_Milky_Way_by_Maison_Asrar_unisex_perfume.webp,Bundle_Vanilla_Voyage_Milky_Way_by_Maison_Asrar_unisex_perfume,webp,https://wsrv.nl/?url=https%3A%2F%2Fmiddleeasternscents.co.ke%2Fwp-content%2Fuploads%2F2026%2F03%2FBundle_Vanilla_Voyage_Milky_Way_by_Maison_Asrar_unisex_perfume-768x768.webp&w=768&fit=contain&trim=10&output=png,KShs,150000,instock,,"Fragrance, Unisex","Top: Caramel, Buttery Middle: Jasmine, Tonka Bean, Honey Base: Vanilla, Musk, Ambery A sweet escape. A warm embrace. A journey in every spray. Embark on a deliciously smooth journey with Vanilla Voyage, a fragrance crafted for those who love warm sweetness wrapped in elegant depth. This unisex scent blends gourmand indulgence with soft florals and sensual woods, creating an irresistible trail that lingers beautifully.","Top: Caramel, Buttery","Middle: Jasmine, Tonka Bean, Honey","Base: Vanilla, Musk, Ambery",Volume: 25ml,,,,https://middleeasternscents.co.ke/wp-content/uploads/2026/03/Bundle_Vanilla_Voyage_Milky_Way_by_Maison_Asrar_unisex_perfume.webp,https://middleeasternscents.co.ke/wp-content/uploads/2026/03/Bundle_Vanilla_Voyage_Milky_Way_by_Maison_Asrar_unisex_perfume-768x768.webp,,
7170,Musamam Black Intense,,,,LattafaMusamamBlackIntenseEDP100ml.webp,LattafaMusamamBlackIntenseEDP100ml,webp,https://wsrv.nl/?url=https%3A%2F%2Fmiddleeasternscents.co.ke%2Fwp-content%2Fuploads%2F2026%2F03%2FLattafaMusamamBlackIntenseEDP100ml-768x768.webp&w=768&fit=contain&trim=10&output=png,KShs,450000,instock,,"Fragrance, Unisex",Fragrance Notes Top Notes: Lavender • Nutmeg • Bergamot • Sage Middle Notes: Geranium • Rosyfolia • Mahonial • Cedarwood Base Notes: Maple Wood • Patchouli • Tonka Bean • Cocoapulse • Ambrofix,,,,,,,,https://middleeasternscents.co.ke/wp-content/uploads/2026/03/LattafaMusamamBlackIntenseEDP100ml.webp,https://middleeasternscents.co.ke/wp-content/uploads/2026/03/LattafaMusamamBlackIntenseEDP100ml-768x768.webp,https://middleeasternscents.co.ke/wp-content/uploads/2026/03/LattafaMusamamBlackIntenseEDP100mlS.webp,https://middleeasternscents.co.ke/wp-content/uploads/2026/03/LattafaMusamamBlackIntenseEDP100mlS-768x768.webp
7155,Angham Second Song,,,,m.webp,m,webp,https://wsrv.nl/?url=https%3A%2F%2Fmiddleeasternscents.co.ke%2Fwp-content%2Fuploads%2F2026%2F03%2Fm-768x768.webp&w=768&fit=contain&trim=10&output=png,KShs,420000,instock,,"Female, Fragrance","A sweet floral melody that unfolds note by note. Bright bergamot and juicy pear open the scent with a smooth, addictive glow. At the heart, luminous orange blossom and peony bloom, softened by a delicious touch of praline. The dry down lingers clean and modern, with creamy vanilla, tonka bean, ambroxan, and a whisper of musk. Top Notes: Bergamot, Pear Middle Notes: Orange Blossom, Peony, Praline Base Notes: Vanilla, Tonka Bean, Ambroxan, Musk",,,,,,,,https://middleeasternscents.co.ke/wp-content/uploads/2026/03/m.webp,https://middleeasternscents.co.ke/wp-content/uploads/2026/03/m-768x768.webp,https://middleeasternscents.co.ke/wp-content/uploads/2026/03/second.webp,https://middleeasternscents.co.ke/wp-content/uploads/2026/03/second-768x768.webp
7064,Angham Body Spray,,,Volume: 200ml,angham-body-spray.webp,angham-body-spray,webp,https://wsrv.nl/?url=https%3A%2F%2Fmiddleeasternscents.co.ke%2Fwp-content%2Fuploads%2F2026%2F02%2Fangham-body-spray-768x768.webp&w=768&fit=contain&trim=10&output=png,KShs,40000,instock,,"Female, Fragrance","Top Notes - Mandarin, Ginger, Pink Pepper Heart Notes - Praline, Lavender, Cacao Base Notes - Musk, Amber, Vanilla This fragrance opens with a vibrant trio of mandarin, ginger, and pink pepper, creating a zesty and spicy introduction that immediately awakens the senses. At the heart, the sweetness of praline blends seamlessly with calming lavender and rich cacao, adding a touch of warmth and indulgence. The base is a comforting blend of musk, amber, and vanilla, wrapping the scent in a soft, sensual finish. Perfect for those who love a playful yet refined scent with a balance of spice, sweetness, and warmth.","Top Notes -: Mandarin, Ginger, Pink Pepper","Heart Notes -: Praline, Lavender, Cacao","Base Notes -: Musk, Amber, Vanilla",Volume: 200ml,,,,https://middleeasternscents.co.ke/wp-content/uploads/2026/02/angham-body-spray.webp,https://middleeasternscents.co.ke/wp-content/uploads/2026/02/angham-body-spray-768x768.webp,https://middleeasternscents.co.ke/wp-content/uploads/2026/02/angham-b.webp,https://middleeasternscents.co.ke/wp-content/uploads/2026/02/angham-b-768x768.webp
7054,Safari Breeze,,,"Scent: Fresh, Fruity",safari-breeze.webp,safari-breeze,webp,https://wsrv.nl/?url=https%3A%2F%2Fmiddleeasternscents.co.ke%2Fwp-content%2Fuploads%2F2026%2F02%2Fsafari-breeze-768x768.webp&w=768&fit=contain&trim=10&output=png,KShs,380000,instock,,"Fragrance, Male, Unisex","Top Notes: Blackcurrant, Coconut, Grapefruit Heart Notes: Spearmint, Jasmine Base Notes: Vetiver, Amber, Oakmoss","Top Notes: Blackcurrant, Coconut, Grapefruit","Heart Notes: Spearmint, Jasmine","Base Notes: Vetiver, Amber, Oakmoss","Scent: Fresh, Fruity",,,,https://middleeasternscents.co.ke/wp-content/uploads/2026/02/safari-breeze.webp,https://middleeasternscents.co.ke/wp-content/uploads/2026/02/safari-breeze-768x768.webp,https://middleeasternscents.co.ke/wp-content/uploads/2026/02/Safari_Breeze.webp,https://middleeasternscents.co.ke/wp-content/uploads/2026/02/Safari_Breeze-768x1152.webp
7047,Zenith Tobacco EDP,,,Volume: 100ML | Scent: Aromatic,zenith-tobacco.webp,zenith-tobacco,webp,https://wsrv.nl/?url=https%3A%2F%2Fmiddleeasternscents.co.ke%2Fwp-content%2Fuploads%2F2026%2F02%2Fzenith-tobacco.webp&w=768&fit=contain&trim=10&output=png,KShs,320000,instock,,"Fragrance, Male","Top Notes - Mandarin, Chocolate. Heart Notes - Patchouli, Honey, Caramel Base Notes - Tolu Balsam, Moss, Tonka Beans","Key Notes : Mandarin, Honey, Tonka Bean",Volume: 100ML,Scent: Aromatic,,,,,https://middleeasternscents.co.ke/wp-content/uploads/2026/02/zenith-tobacco.webp,https://middleeasternscents.co.ke/wp-content/uploads/2026/02/tobacco-zenith-french-avenue-perfume.webp,https://middleeasternscents.co.ke/wp-content/uploads/2026/02/zenith-tobacco.webp,https://middleeasternscents.co.ke/wp-content/uploads/2026/02/Zenith_Tabacco.webp
7043,Liquid Brun Limited Edition,,,"Volume: 150ml | Scent: Oriental sweet, Vanilla",french-avenue-liquid-brun-limited-edition-perfume.webp,french-avenue-liquid-brun-limited-edition-perfume,webp,https://wsrv.nl/?url=https%3A%2F%2Fmiddleeasternscents.co.ke%2Fwp-content%2Fuploads%2F2026%2F02%2Ffrench-avenue-liquid-brun-limited-edition-perfume.webp&w=768&fit=contain&trim=10&output=png,KShs,480000,instock,,"Fragrance, Male, Unisex","Top notes : Citrus, Cardamom and Lavender Heart notes : Orange blossom, Guaiac and Rose Base notes : Vanilla, amber, tonka bean and oakmoss.","Top notes: Citrus, Cardamom and Lavender","Heart notes: Orange blossom, Guaiac and Rose","Base notes: Vanilla, amber, tonka bean and oakmoss.",Volume: 150ml,"Scent: Oriental sweet, Vanilla",,,https://middleeasternscents.co.ke/wp-content/uploads/2026/02/french-avenue-liquid-brun-limited-edition-perfume.webp,https://middleeasternscents.co.ke/wp-content/uploads/2026/02/french-avenue-liquid-brun-perfume-bottle-and-box.webp,https://middleeasternscents.co.ke/wp-content/uploads/2026/02/liquid-brun-limited-edition-perfume-notes-vanilla-cinnamon-orange_jpg.jpg,https://middleeasternscents.co.ke/wp-content/uploads/2026/02/liquid-brun-limited-edition-perfume-notes-vanilla-cinnamon-orange_jpg-768x961.jpg
7039,Spectre Ghost,,,"Volume: 80ml | Scent: Amber, Floral, Vanilla",ghost.jpg,ghost,jpg,https://wsrv.nl/?url=https%3A%2F%2Fmiddleeasternscents.co.ke%2Fwp-content%2Fuploads%2F2026%2F02%2Fghost.jpg&w=768&fit=contain&trim=10&output=png,KShs,360000,instock,,"Fragrance, Unisex","Top: Ginger, Cardamom, Bergamot Middle: Pink Pepper, Blackcurrant, Rose Base: Vanilla, Cedarwood, Patchouli",Volume: 80ml,"Scent: Amber, Floral, Vanilla",,,,,,https://middleeasternscents.co.ke/wp-content/uploads/2026/02/ghost.jpg,https://middleeasternscents.co.ke/wp-content/uploads/2026/02/ghost-specter.jpg,https://middleeasternscents.co.ke/wp-content/uploads/2026/02/ghost-s.jpg,
7034,Ébène,,,"Scent: Oriental sweet, Spicy, Vanilla | Volume: 90ml",maison-alhambra-ebene-edp-90ml.webp,maison-alhambra-ebene-edp-90ml,webp,https://wsrv.nl/?url=https%3A%2F%2Fmiddleeasternscents.co.ke%2Fwp-content%2Fuploads%2F2026%2F02%2F6_06639474-3d4a-4da2-8d66-830f30e80d31-768x768.webp&w=768&fit=contain&trim=10&output=png,KShs,280000,instock,,"Fragrance, Male, Unisex","Top Notes: Elemi, Clove, Artemisia Heart Notes: Olibanum, Guaiac Wood Base Notes: Benzoin, Vanilla, Amber, Musk People who like this perfume also like: Maison Margiela By The Fireplace, BDK Gris Charne, baby cat, ebene fume","Top Notes: Elemi, Clove, Artemisia","Heart Notes: Olibanum, Guaiac Wood","Base Notes: Benzoin, Vanilla, Amber, Musk","People who like this perfume also like: Maison Margiela By The Fireplace, BDK Gris Charne, baby cat, ebene fume","Scent: Oriental sweet, Spicy, Vanilla",Volume: 90ml,,https://middleeasternscents.co.ke/wp-content/uploads/2026/02/maison-alhambra-ebene-edp-90ml.webp,https://middleeasternscents.co.ke/wp-content/uploads/2026/02/6_06639474-3d4a-4da2-8d66-830f30e80d31.webp,https://middleeasternscents.co.ke/wp-content/uploads/2026/02/6_06639474-3d4a-4da2-8d66-830f30e80d31-768x768.webp,https://middleeasternscents.co.ke/wp-content/uploads/2026/02/5_adda0eff-3565-4f38-aa7f-0d631f09a1bf.webp
7029,Yeah! Parfum,,,"Scent: Aromatic, Fresh",MAISONALHAMBRA_YEAH_PARFUM.jpg,MAISONALHAMBRA_YEAH_PARFUM,jpg,https://wsrv.nl/?url=https%3A%2F%2Fmiddleeasternscents.co.ke%2Fwp-content%2Fuploads%2F2026%2F02%2FMAISONALHAMBRA_YEAH_PARFUM-768x768.jpg&w=768&fit=contain&trim=10&output=png,KShs,190000,instock,,"Fragrance, Male","Top notes are Aldehydes, Apple, Ginger and Grapefruit Middle notes are Lavender, Sage and Geranium Base notes are Tonka Bean, Frankincense, Cedar and Patchouli.","Scent: Aromatic, Fresh",,,,,,,https://middleeasternscents.co.ke/wp-content/uploads/2026/02/MAISONALHAMBRA_YEAH_PARFUM.jpg,https://middleeasternscents.co.ke/wp-content/uploads/2026/02/MAISONALHAMBRA_YEAH_PARFUM-768x768.jpg,https://middleeasternscents.co.ke/wp-content/uploads/2026/02/1-1.jpg,https://middleeasternscents.co.ke/wp-content/uploads/2026/02/YEAH-PARFUME.jpg
7019,Hooked Intensely,,,"Volume: 100ML | Scent: Amber, Aromatic, Oriental sweet, Spicy",H.webp,H,webp,https://wsrv.nl/?url=https%3A%2F%2Fmiddleeasternscents.co.ke%2Fwp-content%2Fuploads%2F2026%2F02%2FH-768x768.webp&w=768&fit=contain&trim=10&output=png,KShs,260000,instock,,"Fragrance, Male","Top notes Amber, Pink Pepper, Violet, Juniper Middle notes Cinnamon, Musk, Sage, Toffee Base notes Amber, Tonka Beans, Vanilla, Cedar",Volume: 100ML,"Scent: Amber, Aromatic, Oriental sweet, Spicy",,,,,,https://middleeasternscents.co.ke/wp-content/uploads/2026/02/H.webp,https://middleeasternscents.co.ke/wp-content/uploads/2026/02/H-768x768.webp,https://middleeasternscents.co.ke/wp-content/uploads/2026/02/hooked-intensely-3.webp,https://middleeasternscents.co.ke/wp-content/uploads/2026/02/hooked-intensely-3-768x768.webp
7013,Pure Musk,,,"Volume: 100ML | Scent: Floral, Musky",pure-musk-eau-de-parfum-100ml-unisex.jpg,pure-musk-eau-de-parfum-100ml-unisex,jpg,https://wsrv.nl/?url=https%3A%2F%2Fmiddleeasternscents.co.ke%2Fwp-content%2Fuploads%2F2026%2F02%2Fpure-musk-eau-de-parfum-100ml-unisex-768x768.jpg&w=768&fit=contain&trim=10&output=png,KShs,300000,instock,,"Fragrance, Unisex","The top notes of floral musk and white musk enchant the senses, leading to the heart of pure musk that adds a touch of mystery. Finally, the sweet musk base notes leave a lasting impression, creating a truly captivating scent that is perfect for those who appreciate the finer things in life.",Volume: 100ML,"Scent: Floral, Musky",,,,,,https://middleeasternscents.co.ke/wp-content/uploads/2026/02/pure-musk-eau-de-parfum-100ml-unisex.jpg,https://middleeasternscents.co.ke/wp-content/uploads/2026/02/pure-musk-eau-de-parfum-100ml-unisex-768x768.jpg,https://middleeasternscents.co.ke/wp-content/uploads/2026/02/pure-musk-3.webp,https://middleeasternscents.co.ke/wp-content/uploads/2026/02/pure-musk-3-768x961.webp
7009,Turathi (Blue),,,"Volume: 100ML | Scent: Citrusy, Fresh, Fruity",afnan-turathi-brown-homme.webp,afnan-turathi-brown-homme,webp,https://wsrv.nl/?url=https%3A%2F%2Fmiddleeasternscents.co.ke%2Fwp-content%2Fuploads%2F2026%2F02%2Fafnan-turathi-brown-homme-768x768.webp&w=768&fit=contain&trim=10&output=png,KShs,450000,instock,,"Fragrance, Male, Unisex","Top notes: Bergamot and Mandarin. Middle notes: Amber and Woody. Base notes: Musk, Patchouli and Fresh Spicy.",Top notes: Bergamot and Mandarin.,Middle notes: Amber and Woody.,"Base notes: Musk, Patchouli and Fresh Spicy.","Base notes: Musk, Patchouli and Fresh Spicy. 100ml",Volume: 100ML,"Scent: Citrusy, Fresh, Fruity",,https://middleeasternscents.co.ke/wp-content/uploads/2026/02/afnan-turathi-brown-homme.webp,https://middleeasternscents.co.ke/wp-content/uploads/2026/02/afnan-turathi-brown-homme-768x768.webp,https://middleeasternscents.co.ke/wp-content/uploads/2026/02/afnan-turathi-blue-eau-de-parfum.webp,https://middleeasternscents.co.ke/wp-content/uploads/2026/02/afnan-turathi-blue-eau-de-parfum-768x960.webp
7003,Éclair Affair,,,"Scent: Creamy, Gourmand, Vanilla",eclair-affair-french-avenue.webp,eclair-affair-french-avenue,webp,https://wsrv.nl/?url=https%3A%2F%2Fmiddleeasternscents.co.ke%2Fwp-content%2Fuploads%2F2026%2F02%2Feclair-affair-french-avenue-768x768.webp&w=768&fit=contain&trim=10&output=png,KShs,350000,instock,,"Female, Fragrance","Top notes: Vanilla Bean, Coconut Milk and Jasmine. Middle notes: Caramel, Gourmand Accord and Amber. Base notes: Vanilla, Tonka Bean and Musk.","Top notes: Vanilla Bean, Coconut Milk and Jasmine.","Middle notes: Caramel, Gourmand Accord and Amber.","Base notes: Vanilla, Tonka Bean and Musk.","Scent: Creamy, Gourmand, Vanilla",,,,https://middleeasternscents.co.ke/wp-content/uploads/2026/02/eclair-affair-french-avenue.webp,https://middleeasternscents.co.ke/wp-content/uploads/2026/02/eclair-affair-french-avenue-768x768.webp,https://middleeasternscents.co.ke/wp-content/uploads/2026/02/eclaire-affair.jpg,https://middleeasternscents.co.ke/wp-content/uploads/2026/02/eclaire-affair-768x1364.jpg
6997,Durrah,,,Scent: Floral Fruity,lattafa-niche-emarati-durrah-perfume-1.webp,lattafa-niche-emarati-durrah-perfume-1,webp,https://wsrv.nl/?url=https%3A%2F%2Fmiddleeasternscents.co.ke%2Fwp-content%2Fuploads%2F2026%2F02%2Flattafa-niche-emarati-durrah-perfume-1-768x768.webp&w=768&fit=contain&trim=10&output=png,KShs,490000,instock,,"Female, Fragrance","Top notes: Peach and Peony. Middle notes: Osmanthus, Heliotrope and Jasmine. Base notes: Musk and Patchouli.",Top notes: Peach and Peony.,"Middle notes: Osmanthus, Heliotrope and Jasmine.",Base notes: Musk and Patchouli.,Base notes: Musk and Patchouli. Niche Emarati Perfumes by Lattafa,Scent: Floral Fruity,,,https://middleeasternscents.co.ke/wp-content/uploads/2026/02/lattafa-niche-emarati-durrah-perfume-1.webp,https://middleeasternscents.co.ke/wp-content/uploads/2026/02/lattafa-niche-emarati-durrah-perfume-1-768x768.webp,https://middleeasternscents.co.ke/wp-content/uploads/2026/02/lattafa-durrah-niche-emarati-fragrance-bottle.webp,https://middleeasternscents.co.ke/wp-content/uploads/2026/02/lattafa-durrah-niche-emarati-fragrance-bottle-768x768.webp
6934,Grey Pearl Diamond,,,,grey-pearl-diamond-200ml-ibrahim-al-qurashi-parfum-2.webp,grey-pearl-diamond-200ml-ibrahim-al-qurashi-parfum-2,webp,https://wsrv.nl/?url=https%3A%2F%2Fmiddleeasternscents.co.ke%2Fwp-content%2Fuploads%2F2026%2F02%2Fgrey-pearl-diamond-200ml-ibrahim-al-qurashi-parfum-2-768x768.webp&w=768&fit=contain&trim=10&output=png,KShs,800000,instock,,"Fragrance, Unisex","Top notes are Benzoin and Aquatic notes; middle notes are Rose, Jasmine and Patchouli; base notes are Agarwood, Incense and Spices.",,,,,,,,https://middleeasternscents.co.ke/wp-content/uploads/2026/02/grey-pearl-diamond-200ml-ibrahim-al-qurashi-parfum-2.webp,https://middleeasternscents.co.ke/wp-content/uploads/2026/02/grey-pearl-diamond-200ml-ibrahim-al-qurashi-parfum-2-768x768.webp,https://middleeasternscents.co.ke/wp-content/uploads/2026/02/grey-pearl-diamond-150ml-200ml-ibrahim-al-qurashi.webp,https://middleeasternscents.co.ke/wp-content/uploads/2026/02/grey-pearl-diamond-150ml-200ml-ibrahim-al-qurashi-768x768.webp
6931,Blue Diamond Aqua,,,,s-l1600-2.webp,s-l1600-2,webp,https://wsrv.nl/?url=https%3A%2F%2Fmiddleeasternscents.co.ke%2Fwp-content%2Fuploads%2F2026%2F02%2Fs-l1600-2-768x768.webp&w=768&fit=contain&trim=10&output=png,KShs,800000,instock,,Unisex,"Top notes are Sea Notes, Saffron and Bergamot; middle notes are Citruses, Rosemary and Ylang Ylang; base notes are Incense, Musk and Patchouli.",,,,,,,,https://middleeasternscents.co.ke/wp-content/uploads/2026/02/s-l1600-2.webp,https://middleeasternscents.co.ke/wp-content/uploads/2026/02/s-l1600-2-768x768.webp,https://middleeasternscents.co.ke/wp-content/uploads/2026/02/blue-diamond-aqua.avif,
6928,Arabian knight,,,,arabian-knight.webp,arabian-knight,webp,https://wsrv.nl/?url=https%3A%2F%2Fmiddleeasternscents.co.ke%2Fwp-content%2Fuploads%2F2026%2F02%2Farabian-knight-768x768.webp&w=768&fit=contain&trim=10&output=png,KShs,1000000,instock,,"Fragrance, Male","Top notes are Citron and Jasmine; middle notes are Cinnamon and Rose; base notes are Amber, Cedar, Vanilla and Musk.",,,,,,,,https://middleeasternscents.co.ke/wp-content/uploads/2026/02/arabian-knight.webp,https://middleeasternscents.co.ke/wp-content/uploads/2026/02/arabian-knight-768x768.webp,https://middleeasternscents.co.ke/wp-content/uploads/2026/02/arabian-knight.avif,
6925,Arabian knight silver,,,,Arabian-knight-silver-2.webp,Arabian-knight-silver-2,webp,https://wsrv.nl/?url=https%3A%2F%2Fmiddleeasternscents.co.ke%2Fwp-content%2Fuploads%2F2026%2F02%2FArabian-knight-silver-2-768x768.webp&w=768&fit=contain&trim=10&output=png,KShs,1000000,instock,,"Fragrance, Male","Top notes are Bergamot and Geranium; middle notes are Amber, Cashmeran and Sandalwood; base notes are Vanilla, Musk and Patchouli.",,,,,,,,https://middleeasternscents.co.ke/wp-content/uploads/2026/02/Arabian-knight-silver-2.webp,https://middleeasternscents.co.ke/wp-content/uploads/2026/02/Arabian-knight-silver-2-768x768.webp,https://middleeasternscents.co.ke/wp-content/uploads/2026/02/Arabian-knight-silver.avif,
6911,Italia,,,,Italia-scaled.webp,Italia-scaled,webp,https://wsrv.nl/?url=https%3A%2F%2Fmiddleeasternscents.co.ke%2Fwp-content%2Fuploads%2F2026%2F02%2FItalia-768x768.webp&w=768&fit=contain&trim=10&output=png,KShs,250000,instock,,"Fragrance, Male","Top: Lavender, Bergamot and Lemon Middle: Honey, Cinnamon, Cashmeran and Jasmine Sambac Base: Tobacco Leaf, Vanilla and Tonka Bean","Top: Lavender, Bergamot and Lemon","Middle: Honey, Cinnamon, Cashmeran and Jasmine Sambac","Base: Tobacco Leaf, Vanilla and Tonka Bean",,,,,https://middleeasternscents.co.ke/wp-content/uploads/2026/02/Italia-scaled.webp,https://middleeasternscents.co.ke/wp-content/uploads/2026/02/Italia-768x768.webp,,
6908,Nocturno,,,,Nocturnoremove.webp,Nocturnoremove,webp,https://wsrv.nl/?url=https%3A%2F%2Fmiddleeasternscents.co.ke%2Fwp-content%2Fuploads%2F2026%2F02%2Fnocturno-768x768.webp&w=768&fit=contain&trim=10&output=png,KShs,280000,instock,,"Fragrance, Male","Top: Bergamot,Mint and Pepper Middle: Lavender, Geranium and Pink Pepper Base: Amberwood and Cedar","Top: Bergamot,Mint and Pepper","Middle: Lavender, Geranium and Pink Pepper",Base: Amberwood and Cedar,,,,,https://middleeasternscents.co.ke/wp-content/uploads/2026/02/Nocturnoremove.webp,https://middleeasternscents.co.ke/wp-content/uploads/2026/02/nocturno.webp,https://middleeasternscents.co.ke/wp-content/uploads/2026/02/nocturno-768x768.webp,
6896,Pacific Aura,,,,RAYHAN14414-scaled.jpg,RAYHAN14414-scaled,jpg,https://wsrv.nl/?url=https%3A%2F%2Fmiddleeasternscents.co.ke%2Fwp-content%2Fuploads%2F2026%2F02%2FRAYHAN14414-scaled.jpg&w=768&fit=contain&trim=10&output=png,KShs,260000,instock,,"Male, Unisex",Eau De parfum,,,,,,,,https://middleeasternscents.co.ke/wp-content/uploads/2026/02/RAYHAN14414-scaled.jpg,https://middleeasternscents.co.ke/wp-content/uploads/2026/02/RAYHAN14414-768x960.jpg,https://middleeasternscents.co.ke/wp-content/uploads/2026/02/RAYHAN14418-scaled.jpg,https://middleeasternscents.co.ke/wp-content/uploads/2026/02/RAYHAN14418-768x960.jpg
6890,Rayhaan Lion,,,,Untitleddesign_12.png,Untitleddesign_12,png,https://wsrv.nl/?url=https%3A%2F%2Fmiddleeasternscents.co.ke%2Fwp-content%2Fuploads%2F2026%2F02%2FUntitleddesign_12-768x768.png&w=768&fit=contain&trim=10&output=png,KShs,260000,instock,,"Fragrance, Male",Eau de Parfum 100ml,,,,,,,,https://middleeasternscents.co.ke/wp-content/uploads/2026/02/Untitleddesign_12.png,https://middleeasternscents.co.ke/wp-content/uploads/2026/02/Untitleddesign_12-768x768.png,https://middleeasternscents.co.ke/wp-content/uploads/2026/02/Untitleddesign_10.png,https://middleeasternscents.co.ke/wp-content/uploads/2026/02/Untitleddesign_10-768x768.png
6888,Emerald Soul Diamond,,,,image.jpeg,image,jpeg,https://wsrv.nl/?url=https%3A%2F%2Fmiddleeasternscents.co.ke%2Fwp-content%2Fuploads%2F2026%2F02%2Fimage-768x768.jpeg&w=768&fit=contain&trim=10&output=png,KShs,950000,instock,,Unisex,Product name: Emerald Soul Diamond Brand: Ibraheem Al Qurashi Quantity: 150ml,Product name: Emerald Soul Diamond,Brand: Ibraheem Al Qurashi,Quantity: 150ml,,,,,https://middleeasternscents.co.ke/wp-content/uploads/2026/02/image.jpeg,https://middleeasternscents.co.ke/wp-content/uploads/2026/02/image-768x768.jpeg,,
6876,Nude Coral Diamond,,,,nude-coral-diamond.webp,nude-coral-diamond,webp,https://wsrv.nl/?url=https%3A%2F%2Fmiddleeasternscents.co.ke%2Fwp-content%2Fuploads%2F2026%2F02%2Fnude-coral-diamond-768x768.webp&w=768&fit=contain&trim=10&output=png,KShs,950000,instock,,"Fragrance, Unisex","Top Notes: Bergamot, Apple, Saffron Heart Notes: Orange Flower, Coconut, Guaiac wood Base Notes: Vanilla, Amber Dry, Cashmeran","Top Notes: Bergamot, Apple, Saffron","Heart Notes: Orange Flower, Coconut, Guaiac wood","Base Notes: Vanilla, Amber Dry, Cashmeran",,,,,https://middleeasternscents.co.ke/wp-content/uploads/2026/02/nude-coral-diamond.webp,https://middleeasternscents.co.ke/wp-content/uploads/2026/02/nude-coral-diamond-768x768.webp,https://middleeasternscents.co.ke/wp-content/uploads/2026/02/Nude-coral-diamond-back.webp,https://middleeasternscents.co.ke/wp-content/uploads/2026/02/Nude-coral-diamond-back-768x768.webp
6866,Kaaf Pink,,,,kaaf-pink.webp,kaaf-pink,webp,https://wsrv.nl/?url=https%3A%2F%2Fmiddleeasternscents.co.ke%2Fwp-content%2Fuploads%2F2026%2F02%2Fkaaf-pink-768x768.webp&w=768&fit=contain&trim=10&output=png,KShs,360000,instock,,"Female, Fragrance","Top Notes: Bergamot, Mandarin, Lemon, Black Currant Middle Notes: Moroccan Jasmine, Rose, Orange Flower Base Notes: Musk, Birch, Oakmoss, Woody Notes","Top Notes: Bergamot, Mandarin, Lemon, Black Currant","Middle Notes: Moroccan Jasmine, Rose, Orange Flower","Base Notes: Musk, Birch, Oakmoss, Woody Notes",,,,,https://middleeasternscents.co.ke/wp-content/uploads/2026/02/kaaf-pink.webp,https://middleeasternscents.co.ke/wp-content/uploads/2026/02/kaaf-pink-768x768.webp,,
6863,Kaaf Noir,,,"Scent: Aromatic, Citrusy, Woody",kaaf-noir-bottle.webp,kaaf-noir-bottle,webp,https://wsrv.nl/?url=https%3A%2F%2Fmiddleeasternscents.co.ke%2Fwp-content%2Fuploads%2F2026%2F02%2Fkaaf-noir-bottle-768x768.webp&w=768&fit=contain&trim=10&output=png,KShs,360000,instock,,"Fragrance, Male","Top Notes Blood Orange, Juniper Berries, Sicilian Lemon, Cardamom Heart Notes Iso E Super, Lavender, Geranium, Clary Sage, Hedione Base Notes Vetiver, Cedarwood, Patchouli, Ambroxan, White Musk Olfactory Family Citrus–Aromatic–Woody — a vibrant, zesty opening meets a sophisticated aromatic heart, drying down to a smooth, musky–woody base with modern ambroxan lift. Sillage Moderate to strong — bright projection with smooth longevity","Magnetic citrus-woody signature: blood orange and Sicilian lemon spark over aromatic lavender and Iso E Super, settling into vetiver, cedarwood, and airy ambroxan.","Scent: Aromatic, Citrusy, Woody",,,,,,https://middleeasternscents.co.ke/wp-content/uploads/2026/02/kaaf-noir-bottle.webp,https://middleeasternscents.co.ke/wp-content/uploads/2026/02/kaaf-noir-bottle-768x768.webp,https://middleeasternscents.co.ke/wp-content/uploads/2026/02/kaaf-noir-box.webp,https://middleeasternscents.co.ke/wp-content/uploads/2026/02/kaaf-noir-box-768x768.webp
6777,Onyx Gold,,,"Scent: Spicy, Vanilla, Woody",ONYX-03-scaled.webp,ONYX-03-scaled,webp,https://wsrv.nl/?url=https%3A%2F%2Fmiddleeasternscents.co.ke%2Fwp-content%2Fuploads%2F2026%2F02%2FONYX-03-768x768.webp&w=768&fit=contain&trim=10&output=png,KShs,300000,instock,,"Fragrance, Male, Unisex","Top Notes: Mandarin, Grapefruit, Yuzu. Middle Notes: Tropical fruits, Galbanum. Base Notes: Aldehydes, Ozonic notes, Musk.","Top Notes: Mandarin, Grapefruit, Yuzu.","Middle Notes: Tropical fruits, Galbanum.","Base Notes: Aldehydes, Ozonic notes, Musk.","Base Notes: Aldehydes, Ozonic notes, Musk. 100ml","Scent: Spicy, Vanilla, Woody",,,https://middleeasternscents.co.ke/wp-content/uploads/2026/02/ONYX-03-scaled.webp,https://middleeasternscents.co.ke/wp-content/uploads/2026/02/ONYX-03-768x768.webp,,
6775,Nafais Magrib,,,"Volume: 100ML | Scent: Citrusy, Fruity, Green",khadlaj-NAFAIS-MAGRIB.webp,khadlaj-NAFAIS-MAGRIB,webp,https://wsrv.nl/?url=https%3A%2F%2Fmiddleeasternscents.co.ke%2Fwp-content%2Fuploads%2F2026%2F02%2Fkhadlaj-NAFAIS-MAGRIB.webp&w=768&fit=contain&trim=10&output=png,KShs,330000,instock,,"Fragrance, Unisex","Top Notes: Mandarin, Grapefruit, Yuzu. Middle Notes: Tropical fruits, Galbanum. Base Notes: Aldehydes, Ozonic notes, Musk.","Top Notes: Mandarin, Grapefruit, Yuzu.","Middle Notes: Tropical fruits, Galbanum.","Base Notes: Aldehydes, Ozonic notes, Musk.","Base Notes: Aldehydes, Ozonic notes, Musk. 100ml",Volume: 100ML,"Scent: Citrusy, Fruity, Green",,https://middleeasternscents.co.ke/wp-content/uploads/2026/02/khadlaj-NAFAIS-MAGRIB.webp,https://middleeasternscents.co.ke/wp-content/uploads/2026/02/khadlaj-NAFAIS-MAGRIB-768x961.webp,,
6769,Lynked Freedom,,,Scent: Aromatic | Volume: 100ML,Lynke-freedom-2.webp,Lynke-freedom-2,webp,https://wsrv.nl/?url=https%3A%2F%2Fmiddleeasternscents.co.ke%2Fwp-content%2Fuploads%2F2026%2F02%2FLynke-freedom-2-768x768.webp&w=768&fit=contain&trim=10&output=png,KShs,550000,instock,,"Fragrance, Male, Unisex","Top Notes: Bergamot, Grapefruit, Sage Middle Notes: Lavender, Cardamome, Juniper Berry Base Notes: Vetiver, Oriental, Caramel","Top Notes: Bergamot, Grapefruit, Sage","Middle Notes: Lavender, Cardamome, Juniper Berry","Base Notes: Vetiver, Oriental, Caramel",Scent: Aromatic,Volume: 100ML,,,https://middleeasternscents.co.ke/wp-content/uploads/2026/02/Lynke-freedom-2.webp,https://middleeasternscents.co.ke/wp-content/uploads/2026/02/Lynke-freedom-2-768x768.webp,https://middleeasternscents.co.ke/wp-content/uploads/2026/02/Lynke-freedom-3.webp,https://middleeasternscents.co.ke/wp-content/uploads/2026/02/Lynke-freedom-3-768x768.webp
6765,Lynked Forever,,,"Volume: 100ML | Scent: Floral, Woody",Lynked-forever-1.webp,Lynked-forever-1,webp,https://wsrv.nl/?url=https%3A%2F%2Fmiddleeasternscents.co.ke%2Fwp-content%2Fuploads%2F2026%2F02%2FLynked-forever-1-768x768.webp&w=768&fit=contain&trim=10&output=png,KShs,550000,instock,,"Female, Fragrance","Top Notes: Mandarin, Berries Middle Notes: Gardenia, Tuberose, Ylang Base Notes: Coconut, Sandalwood, Musk, Dry woods","Top Notes: Mandarin, Berries","Middle Notes: Gardenia, Tuberose, Ylang","Base Notes: Coconut, Sandalwood, Musk, Dry woods",Volume: 100ML,"Scent: Floral, Woody",,,https://middleeasternscents.co.ke/wp-content/uploads/2026/02/Lynked-forever-1.webp,https://middleeasternscents.co.ke/wp-content/uploads/2026/02/Lynked-forever-1-768x768.webp,https://middleeasternscents.co.ke/wp-content/uploads/2026/02/Lynked-forever-3.webp,https://middleeasternscents.co.ke/wp-content/uploads/2026/02/Lynked-forever-3-768x768.webp
6763,Durrah,,,Scent: Floral Fruity | Volume: 100ML,lattafa-niche-emarati-durrah-perfume.webp,lattafa-niche-emarati-durrah-perfume,webp,https://wsrv.nl/?url=https%3A%2F%2Fmiddleeasternscents.co.ke%2Fwp-content%2Fuploads%2F2026%2F02%2Flattafa-niche-emarati-durrah-perfume-768x768.webp&w=768&fit=contain&trim=10&output=png,KShs,490000,instock,,"Female, Fragrance","Top notes: Peach and Peony. Middle notes: Osmanthus, Heliotrope and Jasmine. Base notes: Musk and Patchouli.",Top notes: Peach and Peony.,"Middle notes: Osmanthus, Heliotrope and Jasmine.",Base notes: Musk and Patchouli.,Base notes: Musk and Patchouli. 100ml,Scent: Floral Fruity,Volume: 100ML,,https://middleeasternscents.co.ke/wp-content/uploads/2026/02/lattafa-niche-emarati-durrah-perfume.webp,https://middleeasternscents.co.ke/wp-content/uploads/2026/02/lattafa-niche-emarati-durrah-perfume-768x768.webp,,
6744,Eclair Affair,,,,eclair-affair-french-avenue-fragrance-world-100ml.webp,eclair-affair-french-avenue-fragrance-world-100ml,webp,https://wsrv.nl/?url=https%3A%2F%2Fmiddleeasternscents.co.ke%2Fwp-content%2Fuploads%2F2026%2F02%2Feclair-affair-french-avenue-fragrance-world-100ml.webp&w=768&fit=contain&trim=10&output=png,KShs,360000,instock,,"Female, Fragrance","Top Notes: Jasmine, vanilla bean, coconut milk. Middle Notes: Caramel, Amber, Gourmand Accord. Base Notes: Musk, Tonka bean, Vanilla.","Top Notes: Jasmine, vanilla bean, coconut milk.","Middle Notes: Caramel, Amber, Gourmand Accord.","Base Notes: Musk, Tonka bean, Vanilla.","Base Notes: Musk, Tonka bean, Vanilla. 100ML",,,,https://middleeasternscents.co.ke/wp-content/uploads/2026/02/eclair-affair-french-avenue-fragrance-world-100ml.webp,,,
6680,Rare Reef,,,"Volume: 100ML | Scent: Aromatic, Citrusy, Fresh",afnan-rare-reef-perfume-100ml.webp,afnan-rare-reef-perfume-100ml,webp,https://wsrv.nl/?url=https%3A%2F%2Fmiddleeasternscents.co.ke%2Fwp-content%2Fuploads%2F2026%2F02%2Fafnan-rare-reef-perfume-100ml-768x768.webp&w=768&fit=contain&trim=10&output=png,KShs,500000,instock,,"Fragrance, Unisex","Top notes: Orange, Citron, Mint, Blackcurrant, Grapefruit and Coriander. Middle notes: Apricot, Violet Leaf, Rose and Basil. Base notes: Fig, Ambrette, Amberwood and Dates.","Top notes: Orange, Citron, Mint, Blackcurrant, Grapefruit and Coriander.","Middle notes: Apricot, Violet Leaf, Rose and Basil.","Base notes: Fig, Ambrette, Amberwood and Dates.",Concentration: Eau de Parfum,Volume: 100ML,"Scent: Aromatic, Citrusy, Fresh",,https://middleeasternscents.co.ke/wp-content/uploads/2026/02/afnan-rare-reef-perfume-100ml.webp,https://middleeasternscents.co.ke/wp-content/uploads/2026/02/afnan-rare-reef-perfume-100ml-768x768.webp,https://middleeasternscents.co.ke/wp-content/uploads/2026/02/rare-reef-by-afnan-eau-de-parfum.webp,https://middleeasternscents.co.ke/wp-content/uploads/2026/02/rare-reef-by-afnan-eau-de-parfum-768x768.webp
6677,Turathi Electric,,,"Volume: 90ml | Scent: Citrusy, Fruity, Musky",afnan-turathi-electric.webp,afnan-turathi-electric,webp,https://wsrv.nl/?url=https%3A%2F%2Fmiddleeasternscents.co.ke%2Fwp-content%2Fuploads%2F2026%2F02%2Fafnan-turathi-electric-768x768.webp&w=768&fit=contain&trim=10&output=png,KShs,500000,instock,,"Fragrance, Unisex","Top notes: Pear, Mandarin Orange, Pink Grapefruit and Bergamot. Middle notes: Orange Blossom, Apple and Cedarwood. Base notes: Musk, Amber and Vanilla.","Top notes: Pear, Mandarin Orange, Pink Grapefruit and Bergamot.","Middle notes: Orange Blossom, Apple and Cedarwood.","Base notes: Musk, Amber and Vanilla.",Concentration: Eau de Parfum,Volume: 90ml,"Scent: Citrusy, Fruity, Musky",,https://middleeasternscents.co.ke/wp-content/uploads/2026/02/afnan-turathi-electric.webp,https://middleeasternscents.co.ke/wp-content/uploads/2026/02/afnan-turathi-electric-768x768.webp,https://middleeasternscents.co.ke/wp-content/uploads/2026/02/afnan-turathi-electri.webp,https://middleeasternscents.co.ke/wp-content/uploads/2026/02/afnan-turathi-electri-768x768.webp
6674,Sherif,,,"Scent: Fresh, Green, Sweet | Volume: 100ML",lattafa-sherif-edp-bottle.webp,lattafa-sherif-edp-bottle,webp,https://wsrv.nl/?url=https%3A%2F%2Fmiddleeasternscents.co.ke%2Fwp-content%2Fuploads%2F2026%2F02%2Flattafa-sherif-edp-bottle-768x768.webp&w=768&fit=contain&trim=10&output=png,KShs,290000,instock,,"Fragrance, Male","Top notes: Apple, Petitgrain and Bergamot. Middle notes: Cedarwood, Cashmeran and Violet. Base notes: Oakmoss, Musk and Amber.","Top notes: Apple, Petitgrain and Bergamot.","Middle notes: Cedarwood, Cashmeran and Violet.","Base notes: Oakmoss, Musk and Amber.","Scent: Fresh, Green, Sweet",Volume: 100ML,,,https://middleeasternscents.co.ke/wp-content/uploads/2026/02/lattafa-sherif-edp-bottle.webp,https://middleeasternscents.co.ke/wp-content/uploads/2026/02/lattafa-sherif-edp-bottle-768x768.webp,https://middleeasternscents.co.ke/wp-content/uploads/2026/02/lattafa-sherif-fragrance-green-apple.webp,https://middleeasternscents.co.ke/wp-content/uploads/2026/02/lattafa-sherif-fragrance-green-apple-768x768.webp
6571,Rayhaan Kiss,,,"Scent: Floral Gourmand | Volume: 100ML | Top notes: Coconut, Praline, Raspberry, Strawberry | Middle notes: Caramel, Condensed milk, Orange Blossom, White Floral | Base notes: Musk, Sandalwood, Tonka, Vanilla",kiss.webp,kiss,webp,https://wsrv.nl/?url=https%3A%2F%2Fmiddleeasternscents.co.ke%2Fwp-content%2Fuploads%2F2026%2F01%2Fkiss-768x768.webp&w=768&fit=contain&trim=10&output=png,KShs,270000,instock,,"Female, Fragrance","Top Notes: Strawberry, Raspberry, Coconut, Praline Middle Notes: Orange Blossom, Condensed Milk, Caramel, Soft White Florals Base Notes: Vanilla, Tonka, Sandalwood, Musk","Top Notes: Strawberry, Raspberry, Coconut, Praline","Middle Notes: Orange Blossom, Condensed Milk, Caramel, Soft White Florals","Base Notes: Vanilla, Tonka, Sandalwood, Musk",Scent: Floral Gourmand,Volume: 100ML,"Top notes: Coconut, Praline, Raspberry, Strawberry","Middle notes: Caramel, Condensed milk, Orange Blossom, White Floral",https://middleeasternscents.co.ke/wp-content/uploads/2026/01/kiss.webp,https://middleeasternscents.co.ke/wp-content/uploads/2026/01/kiss-768x768.webp,,
6475,Marshmallow Blush 50ml,,,"Volume: 50ml | Scent: Creamy, Floral Gourmand",marshmallew_blush_perfume.webp,marshmallew_blush_perfume,webp,https://wsrv.nl/?url=https%3A%2F%2Fmiddleeasternscents.co.ke%2Fwp-content%2Fuploads%2F2026%2F01%2Fmarshmallew_blush_perfume-768x768.webp&w=768&fit=contain&trim=10&output=png,KShs,190000,instock,,"Female, Fragrance","Fragrance Notes: Top: Strawberry, Raspberry, Lemon Middle: Ambroxan, Orange Blossom Base: Musk, Candy Scents, Marshmallow This enchanting unisex perfume Marshmallow Blush opens with a vibrant medley of juicy strawberry, tangy raspberry, and zesty lemon, creating an irresistibly vibrant introduction. Delight in the sweet, whimsical charm of Marshmallow Blush, a fragrance that captures the essence of youthful joy and indulgent sweetness. As Marshmallow blush unfolds, the heart reveals a delicate blend of orange blossom and ambroxan, adding a soft, radiant sophistication that beautifully contrasts with the playful top notes. The base of this Unisex perfume is a comforting embrace of creamy musk, Sugary Candy scents, and fluffy marshmallows, leaving a warm, delectable trail that lingers like a sweet memory.","Top: Strawberry, Raspberry, Lemon","Middle: Ambroxan, Orange Blossom","Base: Musk, Candy Scents, Marshmallow","Marshmallow Blush: opens with a vibrant medley of juicy strawberry, tangy raspberry, and zesty lemon, creating an irresistibly vibrant introduction.","Marshmallow Blush: , a fragrance that captures the essence of youthful joy and indulgent sweetness.","Marshmallow blush: unfolds, the heart reveals a delicate blend of orange blossom and ambroxan, adding a soft, radiant sophistication that beautifully contrasts with the playful top notes.","Unisex perfume: is a comforting embrace of creamy musk, Sugary Candy scents, and fluffy marshmallows, leaving a warm, delectable trail that lingers like a sweet memory.",https://middleeasternscents.co.ke/wp-content/uploads/2026/01/marshmallew_blush_perfume.webp,https://middleeasternscents.co.ke/wp-content/uploads/2026/01/marshmallew_blush_perfume-768x768.webp,https://middleeasternscents.co.ke/wp-content/uploads/2026/01/marshmallow_fragrance_50ml.webp,https://middleeasternscents.co.ke/wp-content/uploads/2026/01/marshmallow_fragrance_50ml-768x768.webp
6453,Noble Blush Body Mist,,,Scent: Floral Gourmand | Volume: 250ml,noble-blush.webp,noble-blush,webp,https://wsrv.nl/?url=https%3A%2F%2Fmiddleeasternscents.co.ke%2Fwp-content%2Fuploads%2F2026%2F01%2Fnoble-blush-768x768.webp&w=768&fit=contain&trim=10&output=png,KShs,120000,instock,,"Body Mist, Fragrance","Lattafa Noble Blush Body Splash is a light and sophisticated feminine fragrance that combines delicate flowers, succulent fruits, and a creamy, comforting touch. Perfect for those seeking freshness, femininity, and a striking aroma that’s just right. Olfactory Pyramid Topo Notes: Rose Milk. Heart notes: Meringue and Almond. Base notes: Vanilla, Sandalwood and Musk.",Scent: Floral Gourmand,Volume: 250ml,,,,,,https://middleeasternscents.co.ke/wp-content/uploads/2026/01/noble-blush.webp,https://middleeasternscents.co.ke/wp-content/uploads/2026/01/noble-blush-768x768.webp,,
6450,Eclaire Body Mist,,,Scent: Gourmand | Volume: 250ml,ecalire-b-mist.webp,ecalire-b-mist,webp,https://wsrv.nl/?url=https%3A%2F%2Fmiddleeasternscents.co.ke%2Fwp-content%2Fuploads%2F2026%2F01%2Fecalire-b-mist-768x768.webp&w=768&fit=contain&trim=10&output=png,KShs,120000,instock,,"Body Mist, Fragrance","Olfactory Pyramid Top Notes: Caramel, Milk and Sugar. Heart Notes: Honey and White Flowers. Base Notes: Vanilla, Praline and Musk. Brand: Lattafa Origin: United Arab Emirates Bottle volume: 250ml 100% Original Product",Scent: Gourmand,Volume: 250ml,,,,,,https://middleeasternscents.co.ke/wp-content/uploads/2026/01/ecalire-b-mist.webp,https://middleeasternscents.co.ke/wp-content/uploads/2026/01/ecalire-b-mist-768x768.webp,,
6448,Fakhar Rose Body Mist,,,Volume: 250ml | Scent: Floral,lattafa-fakhar-rose.webp,lattafa-fakhar-rose,webp,https://wsrv.nl/?url=https%3A%2F%2Fmiddleeasternscents.co.ke%2Fwp-content%2Fuploads%2F2026%2F01%2Flattafa-fakhar-rose.webp&w=768&fit=contain&trim=10&output=png,KShs,120000,instock,,"Female, Fragrance","Fakhar Rose Body Mist by Lattafa is a feminine fragrance from the fruity floral family. Immerse yourself in the sophistication of Fakhar Rose Body Mist by Lattafa, a fragrance that celebrates beauty and femininity with a rich and enveloping olfactory bouquet. The top notes of fruits, lily, pomegranate and aldehydes offer a fresh and fruity opening, enriched with a touch of elegance and luminosity. At the heart of the perfume, a sumptuous combination of tuberose, jasmine, gardenia, ylang-ylang, honeysuckle, peony and rose creates an opulent floral bouquet, enveloping the senses with its complexity and beauty. The base notes leave a lasting and sensual imprint, with the warm sweetness of vanilla, the modernity of ambroxan, the softness of white musk and the depth of sandalwood. Fakhar Rose Body Mist by Lattafa is more than just a perfume; it is an olfactory experience that evokes elegance, sophistication and a timeless charm. Discover its unique aroma and let yourself be carried away by its aura of luxury and style. Perfect for the woman who seeks a distinctive and unforgettable fragrance. Top notes: Fruits, Lily, Pomegranate, Aldehydes Heart notes: Tuberose, Jasmine, Gardenia, Ylang Ylang, Honeysuckle, Peony, Rose Base notes: Vanilla, Ambroxan, White Musk, Sandalwood","Top notes: Fruits, Lily, Pomegranate, Aldehydes","Heart notes: Tuberose, Jasmine, Gardenia, Ylang Ylang, Honeysuckle, Peony, Rose","Base notes: Vanilla, Ambroxan, White Musk, Sandalwood",Volume: 250ml,Scent: Floral,,,https://middleeasternscents.co.ke/wp-content/uploads/2026/01/lattafa-fakhar-rose.webp,https://middleeasternscents.co.ke/wp-content/uploads/2026/01/lattafa-fakhar-rose-768x998.webp,,
6446,Angham Body Mist,,,"Volume: 250ml | Scent: Floral, Vanilla",lattafa-angham-body-mist.webp,lattafa-angham-body-mist,webp,https://wsrv.nl/?url=https%3A%2F%2Fmiddleeasternscents.co.ke%2Fwp-content%2Fuploads%2F2026%2F01%2Flattafa-angham-body-mist.webp&w=768&fit=contain&trim=10&output=png,KShs,120000,instock,,"Body Mist, Fragrance","Immerse yourself in the enchanting world of Angham Body Mist, a perfume that expresses grace and seduction. The fragrance opens with a lively explosion of ginger, pink pepper and mandarin, creating a fresh and sparkling opening that captures the attention. In the heart, a delicate fusion of lavender, praline, cocoa and jasmine envelops the senses in an irresistible sweetness, giving depth and complexity to the perfume. The base notes of vanilla, amber and musk blend to create a warm and sensual base, which leaves a lasting and enveloping imprint. Angham Body Mist by Lattafa is not just a perfume; it is an olfactory experience that celebrates femininity with its unique mix of freshness and sweetness. Perfect for the modern woman who wants to express her individuality with a distinctive and fascinating fragrance. Discover its aroma and let yourself be conquered by its timeless elegance. Top Notes: Ginger, Pink Pepper, Mandarin Heart Notes: Lavender, Praline, Cocoa, Jasmine Base Notes: Vanilla, Amber, Musk","Top Notes: Ginger, Pink Pepper, Mandarin","Heart Notes: Lavender, Praline, Cocoa, Jasmine","Base Notes: Vanilla, Amber, Musk",Volume: 250ml,"Scent: Floral, Vanilla",,,https://middleeasternscents.co.ke/wp-content/uploads/2026/01/lattafa-angham-body-mist.webp,https://middleeasternscents.co.ke/wp-content/uploads/2026/01/lattafa-angham-body-mist-768x998.webp,,
6443,Yara Perfume Mist,,,Scent: Floral Gourmand,lattafa-yara-body-mist.jpg,lattafa-yara-body-mist,jpg,https://wsrv.nl/?url=https%3A%2F%2Fmiddleeasternscents.co.ke%2Fwp-content%2Fuploads%2F2026%2F01%2Flattafa-yara-body-mist.jpg&w=768&fit=contain&trim=10&output=png,KShs,120000,instock,,"Body Mist, Female","Yara Body Mist by Lattafa is a feminine fragrance from the floral gourmand family. Yara Body Mist by Lattafa is an irresistible perfume that embodies elegance and seduction. This feminine fragrance opens with enveloping top notes, thanks to heliotrope, orchid and tangerine, creating an explosion of freshness and refinement. The heart notes reveal a gourmand accord combined with tropical fruits, offering a creamy and inviting sweetness. This sweet and fruity heart adds an exotic and modern dimension to the perfume, perfect for those who love rich and delicious fragrances. In the base, Yara evolves with warm and sensual notes of vanilla, musk and sandalwood, ensuring a persistent and sophisticated trail. The combination of these elements makes the fragrance ideal for women who want an unforgettable and enveloping olfactory presence. Yara Body Mist by Lattafa is an excellent choice for those looking for a perfume that combines gourmand sweetness with a touch of exoticism and sensuality, perfect for any occasion. Top Notes: Heliotrope, Orchid, Tangerine Heart Notes: Gourmand Accord, Tropical Fruits Base Notes: Vanilla, Musk, Sandalwood","Top Notes: Heliotrope, Orchid, Tangerine","Heart Notes: Gourmand Accord, Tropical Fruits","Base Notes: Vanilla, Musk, Sandalwood",Scent: Floral Gourmand,,,,https://middleeasternscents.co.ke/wp-content/uploads/2026/01/lattafa-yara-body-mist.jpg,,,
6440,Nuha Bon Bon,,,"Volume: 85ml | Scent: Creamy, Fruity",NUHA_BON_BON-03.webp,NUHA_BON_BON-03,webp,https://wsrv.nl/?url=https%3A%2F%2Fmiddleeasternscents.co.ke%2Fwp-content%2Fuploads%2F2026%2F01%2FNUHA_BON_BON-03.webp&w=768&fit=contain&trim=10&output=png,KShs,215000,instock,,"Female, Fragrance","Khadlaj Nuha Bon Bon Eau de Parfum Spray for Women is a delightful gourmand fragrance that captures the joy of sweet indulgence and playful femininity. The scent opens with a deliciously creamy blend of strawberry, milk, and peach, creating a soft, mouth-watering introduction that feels comforting yet irresistible. At the heart, a dreamy combination of orange blossom and ice cream adds a smooth, floral-sweet charm, enhancing the fragrance’s cheerful and youthful character. The scent settles into a warm and sensual base of vanilla absolute, leaving behind a long-lasting, cozy trail that feels both elegant and addictive. Perfect for everyday wear and special moments alike, Nuha Bon Bon by Khadlaj Perfumes is a sweet expression of happiness, femininity, and modern charm crafted for women who love playful, creamy, and comforting fragrances.",Volume: 85ml,"Scent: Creamy, Fruity",,,,,,https://middleeasternscents.co.ke/wp-content/uploads/2026/01/NUHA_BON_BON-03.webp,https://middleeasternscents.co.ke/wp-content/uploads/2026/01/NUHA_BON_BON-03-768x859.webp,https://middleeasternscents.co.ke/wp-content/uploads/2026/01/NUHABONBON.webp,https://middleeasternscents.co.ke/wp-content/uploads/2026/01/NUHABONBON-768x717.webp
6214,Reef Titan,,,"Volume: 200ml | Top notes: Grapefruit | Middle notes: Orris | Base notes: Vetiver | Scent: Fruity, Woody",Reef-Titan.webp,Reef-Titan,webp,https://wsrv.nl/?url=https%3A%2F%2Fmiddleeasternscents.co.ke%2Fwp-content%2Fuploads%2F2026%2F01%2FReef-Titan.webp&w=768&fit=contain&trim=10&output=png,KShs,950000,instock,,"Fragrance, Unisex","When we talk about Titan by Reef, we are not just referring to a fragrance experience, but to a true moment of wonder. Created by Miroslav Petkov, this unique fragrance masterfully blends notes that take you on a captivating journey through a world of enchanting aromas. Fragrance Notes Top Note: Grapefruit Heart Note: Orris Base Note: Vetiver",Volume: 200ml,Top notes: Grapefruit,Middle notes: Orris,Base notes: Vetiver,"Scent: Fruity, Woody",,,https://middleeasternscents.co.ke/wp-content/uploads/2026/01/Reef-Titan.webp,,,
6211,Reef Veridian EDP Perfume By Reef Perfumes,,,,Viridian-by-Reef-new.webp,Viridian-by-Reef-new,webp,https://wsrv.nl/?url=https%3A%2F%2Fmiddleeasternscents.co.ke%2Fwp-content%2Fuploads%2F2026%2F01%2FViridian-by-Reef-new.webp&w=768&fit=contain&trim=10&output=png,KShs,1000000,instock,,"Fragrance, Unisex","Viridian Perfume by Reef Perfumes is a new summer fragrance that exudes serene luxury and refined details. Its scent opens with a unique note that leaves a distinct impression from the first moment, then flows smoothly into a soft heart that reflects balance and inner beauty. Its final touch is warm, leaving a calm, lasting effect, like a subtle fingerprint expressing refined taste and a balanced presence. Fragrance Notes: Top Notes: Almond Blossom, Clementine, Incense Heart Notes: Jasmine, Peony, Amaryllis Base Notes: White Musk, Vanilla, Amber",,,,,,,,https://middleeasternscents.co.ke/wp-content/uploads/2026/01/Viridian-by-Reef-new.webp,https://middleeasternscents.co.ke/wp-content/uploads/2026/01/Viridian-by-Reef.webp,,
6083,Eclaire Banoffi,,,Scent: Gourmand | Volume: 100ML,lattafa-eclaire-banoffi-perfume-100ml.webp,lattafa-eclaire-banoffi-perfume-100ml,webp,https://wsrv.nl/?url=https%3A%2F%2Fmiddleeasternscents.co.ke%2Fwp-content%2Fuploads%2F2025%2F12%2Flattafa-eclaire-banoffi-perfume-100ml-768x768.webp&w=768&fit=contain&trim=10&output=png,KShs,370000,instock,,"Female, Fragrance","Top notes: Banana and Dulce de leche. Middle notes: Whipped Cream and Vanilla. Base notes: Praline, Biscuit and Musk. Éclaire Banoffi by Lattafa is a sumptuous gourmand fragrance inspired by the world-famous English dessert, Banoffee Pie—a delectable blend of banana, cream, and caramel. It opens with a mouthwatering fusion of banana and dulce de leche, capturing the comforting sweetness of a golden caramel swirl and the warmth of ripe fruit. The result is creamy, velvety, and irresistibly indulgent, evoking the comforting pleasure of a dessert freshly served from the oven. As the fragrance unfolds, layers of whipped cream and vanilla melt into a heart of pure gourmand bliss. The base reveals a deliciously textured accord of praline, biscuit, and musk, balancing sweetness with sophistication. The musky undertone softens the sugary richness, lending elegance to the composition and ensuring lasting comfort on the skin. Éclaire Banoffi is more than a perfume—it’s an edible fantasy in a bottle, designed for lovers of creamy, sweet, and refined indulgence.",Scent: Gourmand,Volume: 100ML,,,,,,https://middleeasternscents.co.ke/wp-content/uploads/2025/12/lattafa-eclaire-banoffi-perfume-100ml.webp,https://middleeasternscents.co.ke/wp-content/uploads/2025/12/lattafa-eclaire-banoffi-perfume-100ml-768x768.webp,https://middleeasternscents.co.ke/wp-content/uploads/2025/12/lattafa-eclaire-banoffi.webp,https://middleeasternscents.co.ke/wp-content/uploads/2025/12/lattafa-eclaire-banoffi-768x940.webp
6080,Eclaire Pistache,,,Scent: Gourmand | Volume: 100ML,lattafa-eclaire-pistache-bottle.webp,lattafa-eclaire-pistache-bottle,webp,https://wsrv.nl/?url=https%3A%2F%2Fmiddleeasternscents.co.ke%2Fwp-content%2Fuploads%2F2025%2F12%2Flattafa-eclaire-pistache-bottle-768x768.webp&w=768&fit=contain&trim=10&output=png,KShs,330000,instock,,"Female, Fragrance","Top notes: Pistachio Spread Cream and Pistachio. Middle notes: Cacao, Whipped Cream and Coconut. Base notes: Milk, Vanilla and Musk. Éclaire Pistache by Lattafa is a lavish gourmand fragrance inspired by the art of fine pastry. From the first moment, it unveils an irresistible duet of pistachio spread cream and roasted pistachio, capturing the warmth of a golden confection just out of the oven. The opening feels nutty, smooth, and indulgent—like a spoonful of sweet pistachio cream melting over soft sponge cake. At the heart, rich layers of cacao, whipped cream, and coconut create a creamy, velvety texture that balances warmth with sophistication. As the fragrance deepens, milk, vanilla, and musk blend into a luscious base, offering a soft and comforting finish that lingers beautifully on the skin. Both toasted and creamy, Éclaire Pistache transforms the essence of pistachio into an elegant, modern signature. Addictive, creamy, and refined, it’s a true olfactory dessert for those who love their sweetness wrapped in luxury.",Scent: Gourmand,Volume: 100ML,,,,,,https://middleeasternscents.co.ke/wp-content/uploads/2025/12/lattafa-eclaire-pistache-bottle.webp,https://middleeasternscents.co.ke/wp-content/uploads/2025/12/lattafa-eclaire-pistache-bottle-768x768.webp,,
6078,Asad Elixir,,,"Volume: 100ML | Scent: Spicy, Woody",asad-elixir-by-lattafa-eau-de-parfum.webp,asad-elixir-by-lattafa-eau-de-parfum,webp,https://wsrv.nl/?url=https%3A%2F%2Fmiddleeasternscents.co.ke%2Fwp-content%2Fuploads%2F2025%2F12%2Fasad-elixir-by-lattafa-eau-de-parfum-768x768.webp&w=768&fit=contain&trim=10&output=png,KShs,300000,instock,,"Fragrance, Male","Top notes: Grapefruit, Pink Pepper and Saffron. Middle notes: Tobacco, Cedar and Vanilla. Base notes: Light Amber, Patchouli, Frankincense and Cashmeran. Asad Elixir by Lattafa is a bold and intoxicating reinterpretation of the iconic Asad, deepened with greater power, richness, and sensuality. It opens with an electrifying blend of grapefruit, pink pepper, and saffron, igniting the senses with spice and heat. This sharp, daring opening embodies raw confidence and magnetic intensity—an invitation into the darker side of elegance. At the heart, tobacco, cedarwood, and vanilla create a smoky, creamy contrast—refined yet dangerously seductive. The base reveals an intricate fusion of amber, patchouli, frankincense, and cashmeran, adding depth, warmth, and mystery. Asad Elixir is strength in liquid form: smooth, smoldering, and utterly addictive. A statement fragrance for those who don’t follow the rules—they write them.",Volume: 100ML,"Scent: Spicy, Woody",,,,,,https://middleeasternscents.co.ke/wp-content/uploads/2025/12/asad-elixir-by-lattafa-eau-de-parfum.webp,https://middleeasternscents.co.ke/wp-content/uploads/2025/12/asad-elixir-by-lattafa-eau-de-parfum-768x768.webp,,
6075,Yara Elixir,,,"Scent: Creamy, Floral Gourmand | Volume: 100ML",yara-elixir-by-lattafa-eau-de-parfum.webp,yara-elixir-by-lattafa-eau-de-parfum,webp,https://wsrv.nl/?url=https%3A%2F%2Fmiddleeasternscents.co.ke%2Fwp-content%2Fuploads%2F2025%2F12%2Fyara-elixir-by-lattafa-eau-de-parfum-768x768.webp&w=768&fit=contain&trim=10&output=png,KShs,300000,instock,,"Female, Fragrance","Top notes: Strawberry S’mores and Black Currant. Middle notes: Jasmine and Orange Blossom. Base notes: Caramel, Vanilla, Amber and Musk. Yara Elixir by Lattafa is a sensual oriental-gourmand fragrance that celebrates modern femininity with irresistible sweetness and magnetic charm. It opens with an indulgent fusion of strawberry s’mores and black currant, blending creamy chocolate warmth with juicy red fruits for a playful yet sophisticated start. The heart blooms with jasmine and orange blossom, adding radiant floral elegance and a luminous, feminine allure. As the scent deepens, caramel, vanilla, amber, and musk create a rich, velvety base that wraps the skin in golden warmth. The result is both sweet and seductive—an enchanting trail that lingers long after you leave the room. Yara Elixir embodies confidence, allure, and indulgence in perfect balance—a fragrance made for the woman who knows her power and wears it with grace.","Scent: Creamy, Floral Gourmand",Volume: 100ML,,,,,,https://middleeasternscents.co.ke/wp-content/uploads/2025/12/yara-elixir-by-lattafa-eau-de-parfum.webp,https://middleeasternscents.co.ke/wp-content/uploads/2025/12/yara-elixir-by-lattafa-eau-de-parfum-768x768.webp,https://middleeasternscents.co.ke/wp-content/uploads/2025/12/lattafa-yara-elixir.webp,https://middleeasternscents.co.ke/wp-content/uploads/2025/12/lattafa-yara-elixir-768x768.webp
6019,Nasmaat,,,"Scent: Floral, Fruity, Sweet, Woody | Volume: 100ML",nasamat.webp,nasamat,webp,https://wsrv.nl/?url=https%3A%2F%2Fmiddleeasternscents.co.ke%2Fwp-content%2Fuploads%2F2025%2F12%2Fnasamat-768x768.webp&w=768&fit=contain&trim=10&output=png,KShs,300000,instock,,"Female, Fragrance","Top Notes: Blackcurrant, Pineapple, Apricot Heart Notes: Magnolia, Orange Blossom, Rose, Cyclamen, Jasmine Base Notes: Caramel, Vanilla, Sandalwood, Cashmeran Lattafa Nasmaat is a fragrance that beautifully balances vibrance, elegance, and warmth. It opens with a playful burst of blackcurrant, pineapple, and apricot, delivering a fruity brightness. The heart reveals a lush floral blend of magnolia, orange blossom, rose, cyclamen, and jasmine, evoking the charm of a blooming garden in full flourish. As the scent deepens, caramel, vanilla, sandalwood, and cashmeran create a creamy, velvety base that lingers softly, wrapping you in comfort and refinement.","Scent: Floral, Fruity, Sweet, Woody",Volume: 100ML,,,,,,https://middleeasternscents.co.ke/wp-content/uploads/2025/12/nasamat.webp,https://middleeasternscents.co.ke/wp-content/uploads/2025/12/nasamat-768x768.webp,https://middleeasternscents.co.ke/wp-content/uploads/2025/12/nasamat-2.webp,https://middleeasternscents.co.ke/wp-content/uploads/2025/12/nasamat-2-768x768.webp
6012,Layaan,,,"Scent: Floral, Fruity, Woody",layaan.jpg,layaan,jpg,https://wsrv.nl/?url=https%3A%2F%2Fmiddleeasternscents.co.ke%2Fwp-content%2Fuploads%2F2025%2F12%2Flayaan.jpg&w=768&fit=contain&trim=10&output=png,KShs,300000,instock,,"Female, Fragrance","Fragrance Notes: Top : Green pear, Mandarin Heart : Gardenia, Jasmine, Muguet Base : Cedarwood, Musk","Heart : Gardenia, Jasmine, Muguet","Base : Cedarwood, Musk","Scent: Floral, Fruity, Woody",,,,,https://middleeasternscents.co.ke/wp-content/uploads/2025/12/layaan.jpg,https://middleeasternscents.co.ke/wp-content/uploads/2025/12/Layaan.webp,https://middleeasternscents.co.ke/wp-content/uploads/2025/12/Layaan-768x645.webp,https://middleeasternscents.co.ke/wp-content/uploads/2025/12/l.jpg
6007,Pretty in Pink Rayhaan,,,,Rayhaan-Pretty-in-Pink.webp,Rayhaan-Pretty-in-Pink,webp,https://wsrv.nl/?url=https%3A%2F%2Fmiddleeasternscents.co.ke%2Fwp-content%2Fuploads%2F2025%2F12%2FRayhaan-Pretty-in-Pink.webp&w=768&fit=contain&trim=10&output=png,KShs,200000,instock,,Female,"Top Notes: Cassis. Middle Notes: May Rose, Freesia. Base Notes: Vanilla, Patchouli, Woody Notes, Ambroxan.",,,,,,,,https://middleeasternscents.co.ke/wp-content/uploads/2025/12/Rayhaan-Pretty-in-Pink.webp,https://middleeasternscents.co.ke/wp-content/uploads/2025/12/Rayhaan-Pretty-in-Pink-768x961.webp,https://middleeasternscents.co.ke/wp-content/uploads/2025/12/Rayhaan-Pretty-in-Pink-2.webp,https://middleeasternscents.co.ke/wp-content/uploads/2025/12/Rayhaan-Pretty-in-Pink-2-768x961.webp
6005,Rayhaan Imperia,,,,rayhaan-imperia.webp,rayhaan-imperia,webp,https://wsrv.nl/?url=https%3A%2F%2Fmiddleeasternscents.co.ke%2Fwp-content%2Fuploads%2F2025%2F12%2Frayhaan-imperia.webp&w=768&fit=contain&trim=10&output=png,KShs,220000,instock,,"Fragrance, Male","Top Notes: Bergamot Italy, Apple, Mint, Elemi Philippines. Middle Notes: Jasmine, Rose, Patchouli Indonesia, Sandalwood. Base Notes: Oakmoss, Musk, Amber, Cedar Virginia.",,,,,,,,https://middleeasternscents.co.ke/wp-content/uploads/2025/12/rayhaan-imperia.webp,https://middleeasternscents.co.ke/wp-content/uploads/2025/12/rayhaan-imperia-768x961.webp,,
6002,Rayhaan Corium,,,,Rayhaan-Corium-perfume-leather.webp,Rayhaan-Corium-perfume-leather,webp,https://wsrv.nl/?url=https%3A%2F%2Fmiddleeasternscents.co.ke%2Fwp-content%2Fuploads%2F2025%2F12%2FRayhaan-Corium-perfume-leather.webp&w=768&fit=contain&trim=10&output=png,KShs,220000,instock,,"Fragrance, Male","Top Notes: Chesnut, Spices, Elemi. Middle Notes: Sage, Lavendin. Base Notes: Vanilla, Oud Accord, Guaic Wood, Leather.",,,,,,,,https://middleeasternscents.co.ke/wp-content/uploads/2025/12/Rayhaan-Corium-perfume-leather.webp,https://middleeasternscents.co.ke/wp-content/uploads/2025/12/Rayhaan-Corium-perfume-leather-768x961.webp,,
5998,Dahliya by Rayhaan,,,"Scent: Floral, Fresh",rayhaan-dahliya.webp,rayhaan-dahliya,webp,https://wsrv.nl/?url=https%3A%2F%2Fmiddleeasternscents.co.ke%2Fwp-content%2Fuploads%2F2025%2F12%2Frayhaan-dahliya.webp&w=768&fit=contain&trim=10&output=png,KShs,200000,instock,,"Female, Fragrance","Top Notes: Pear, Melon, Magnolia, Peach, Mandarin Orange and Bergamot. Middle Notes: Jasmine, Lily-of-the-Valley, Tuberose, Freesia, Rose, Orchid, Plum and Violet. Base Notes: Musk, Vanilla, Blackberry and Cedar.","Scent: Floral, Fresh",,,,,,,https://middleeasternscents.co.ke/wp-content/uploads/2025/12/rayhaan-dahliya.webp,https://middleeasternscents.co.ke/wp-content/uploads/2025/12/rayhaan-dahliya-768x961.webp,https://middleeasternscents.co.ke/wp-content/uploads/2025/12/rayhaan-dahliya-2.webp,https://middleeasternscents.co.ke/wp-content/uploads/2025/12/rayhaan-dahliya-2-768x961.webp
5932,Rayhaan Jungle Vibe,,,,01jxltplz1.png,01jxltplz1,png,https://wsrv.nl/?url=https%3A%2F%2Fmiddleeasternscents.co.ke%2Fwp-content%2Fuploads%2F2025%2F12%2F01jxltplz1-768x768.png&w=768&fit=contain&trim=10&output=png,KShs,260000,instock,,"Fragrance, Male","Fragrance Notes Top Notes: Grapefruit, Fig, Bergamot Middle Notes: Violet Leaf, Fig Leaf, Oakmoss Base Notes: Musk, Patchouli, Sandalwood","Middle Notes: Violet Leaf, Fig Leaf, Oakmoss","Base Notes: Musk, Patchouli, Sandalwood",,,,,,https://middleeasternscents.co.ke/wp-content/uploads/2025/12/01jxltplz1.png,https://middleeasternscents.co.ke/wp-content/uploads/2025/12/01jxltplz1-768x768.png,,
5929,Rayhaan Obsidian,,,,06kvz3cpth.png,06kvz3cpth,png,https://wsrv.nl/?url=https%3A%2F%2Fmiddleeasternscents.co.ke%2Fwp-content%2Fuploads%2F2025%2F12%2F06kvz3cpth-768x768.png&w=768&fit=contain&trim=10&output=png,KShs,280000,instock,,"Fragrance, Male","Fragrance Notes Top Notes: Iris, Citrus Middle Notes: Sueded leather, Floral accords Base Notes: Cedar, Sandalwood, Ambrette, Oud","Middle Notes: Sueded leather, Floral accords","Base Notes: Cedar, Sandalwood, Ambrette, Oud",,,,,,https://middleeasternscents.co.ke/wp-content/uploads/2025/12/06kvz3cpth.png,https://middleeasternscents.co.ke/wp-content/uploads/2025/12/06kvz3cpth-768x768.png,https://middleeasternscents.co.ke/wp-content/uploads/2025/12/04fyhpzyif.png,https://middleeasternscents.co.ke/wp-content/uploads/2025/12/04fyhpzyif-768x768.png
5926,Rayhaan Aquatica,,,Scent: Fresh,01ymqtp9gf.jpg,01ymqtp9gf,jpg,https://wsrv.nl/?url=https%3A%2F%2Fmiddleeasternscents.co.ke%2Fwp-content%2Fuploads%2F2025%2F12%2F01ymqtp9gf-768x768.jpg&w=768&fit=contain&trim=10&output=png,KShs,280000,instock,,"Fragrance, Unisex","Fragrance Notes Top Notes: Bergamot, Coconut milk, Lime, Mandarin Middle Notes: Sugar cane, jasmine, Gardenia, Hibiscus Base Notes: Patchouli, musk, Tonka bean, Rum","Middle Notes: Sugar cane, jasmine, Gardenia, Hibiscus","Base Notes: Patchouli, musk, Tonka bean, Rum",Scent: Fresh,,,,,https://middleeasternscents.co.ke/wp-content/uploads/2025/12/01ymqtp9gf.jpg,https://middleeasternscents.co.ke/wp-content/uploads/2025/12/01ymqtp9gf-768x768.jpg,https://middleeasternscents.co.ke/wp-content/uploads/2025/12/02rjhauuvh.jpg,https://middleeasternscents.co.ke/wp-content/uploads/2025/12/02rjhauuvh-768x768.jpg
5923,Rayhaan Terra,,,"Volume: 100ML | Scent: Aromatic, Oriental, Vanilla",04e2bwlfve.png,04e2bwlfve,png,https://wsrv.nl/?url=https%3A%2F%2Fmiddleeasternscents.co.ke%2Fwp-content%2Fuploads%2F2025%2F12%2F04e2bwlfve-768x768.png&w=768&fit=contain&trim=10&output=png,KShs,280000,instock,,"Fragrance, Male","Top Notes: Frankincense, Cardamom, Elemi, Bergamot, Pepper. Middle Notes: Patchouli, Anise, Coriander, Orange Blossom, Cumin, Saffron, Geranium, Rose. Base Notes: Frankincense, Vanilla, Benzoin, Amber, Oud, Birch, Ambroxan, Resins, Maltol, Labdanum, Musk","Top Notes: Frankincense, Cardamom, Elemi, Bergamot, Pepper.","Middle Notes: Patchouli, Anise, Coriander, Orange Blossom, Cumin, Saffron, Geranium, Rose.","Base Notes: Frankincense, Vanilla, Benzoin, Amber, Oud, Birch, Ambroxan, Resins, Maltol, Labdanum, Musk",Volume: 100ML,"Scent: Aromatic, Oriental, Vanilla",,,https://middleeasternscents.co.ke/wp-content/uploads/2025/12/04e2bwlfve.png,https://middleeasternscents.co.ke/wp-content/uploads/2025/12/04e2bwlfve-768x768.png,https://middleeasternscents.co.ke/wp-content/uploads/2025/12/04cfecrjat.png,https://middleeasternscents.co.ke/wp-content/uploads/2025/12/04cfecrjat-768x768.png
5920,Rayhaan Elixir,,,Scent: Woody Aromatic,019nrglq4o.jpg,019nrglq4o,jpg,https://wsrv.nl/?url=https%3A%2F%2Fmiddleeasternscents.co.ke%2Fwp-content%2Fuploads%2F2025%2F12%2F019nrglq4o-768x768.jpg&w=768&fit=contain&trim=10&output=png,KShs,280000,instock,,"Fragrance, Male","Fragrance Notes Top Notes: Bergamot, Lavender. Middle Notes: Armoise, Honey. Base Notes: Benzoin, Vanilla, and Tonka","Middle Notes: Armoise, Honey.","Base Notes: Benzoin, Vanilla, and Tonka",Scent: Woody Aromatic,,,,,https://middleeasternscents.co.ke/wp-content/uploads/2025/12/019nrglq4o.jpg,https://middleeasternscents.co.ke/wp-content/uploads/2025/12/019nrglq4o-768x768.jpg,https://middleeasternscents.co.ke/wp-content/uploads/2025/12/02_d4ad33a6-f3fb-4db5-950e-0777ea0b1ccf.jpg,https://middleeasternscents.co.ke/wp-content/uploads/2025/12/02_d4ad33a6-f3fb-4db5-950e-0777ea0b1ccf-768x768.jpg
5911,Shiyaaka Snow,,,"Scent: Citrusy, Fresh",035tt6pm7h.png,035tt6pm7h,png,https://wsrv.nl/?url=https%3A%2F%2Fmiddleeasternscents.co.ke%2Fwp-content%2Fuploads%2F2025%2F12%2F035tt6pm7h-768x768.png&w=768&fit=contain&trim=10&output=png,KShs,290000,instock,,"Fragrance, Unisex","Top Notes Mandarin Orange, Citrus Notes, Bergamot Middle Notes Neroli, Nutmeg, Pink Pepper Base Notes Indonesian Vetivar Oil, Cardamom","Scent: Citrusy, Fresh",,,,,,,https://middleeasternscents.co.ke/wp-content/uploads/2025/12/035tt6pm7h.png,https://middleeasternscents.co.ke/wp-content/uploads/2025/12/035tt6pm7h-768x768.png,https://middleeasternscents.co.ke/wp-content/uploads/2025/12/02wbrbojgk.png,https://middleeasternscents.co.ke/wp-content/uploads/2025/12/02wbrbojgk-768x768.png
5908,Fayora Oshino,,,"Volume: 100ML | Scent: Citrusy, Floral Gourmand",Fayora_Oshino_2.png,Fayora_Oshino_2,png,https://wsrv.nl/?url=https%3A%2F%2Fmiddleeasternscents.co.ke%2Fwp-content%2Fuploads%2F2025%2F12%2FFayora_Oshino_2-768x768.png&w=768&fit=contain&trim=10&output=png,KShs,320000,instock,,"Female, Fragrance","Top: LEMON, BERGAMOT, EXOTIC FRUIT. Middle: PEONY, FRANGIPANI, ALMOND. Base: TONKA BEAN, VANILLA, PATCHOULI.",Volume: 100ML,"Scent: Citrusy, Floral Gourmand",,,,,,https://middleeasternscents.co.ke/wp-content/uploads/2025/12/Fayora_Oshino_2.png,https://middleeasternscents.co.ke/wp-content/uploads/2025/12/Fayora_Oshino_2-768x768.png,https://middleeasternscents.co.ke/wp-content/uploads/2025/12/Fayora_Oshino_1_2.png,https://middleeasternscents.co.ke/wp-content/uploads/2025/12/Fayora_Oshino_1_2-768x768.png
5901,Optimystic Paradox,,,,fragrance-world-optimystic-paradox.webp,fragrance-world-optimystic-paradox,webp,https://wsrv.nl/?url=https%3A%2F%2Fmiddleeasternscents.co.ke%2Fwp-content%2Fuploads%2F2025%2F12%2Ffragrance-world-optimystic-paradox.webp&w=768&fit=contain&trim=10&output=png,KShs,250000,instock,,"Female, Fragrance","Top notes: Bergamot, Pear, Tangerine Heart notes: Orange Blossom, Jasmine, Neroli Base notes: Vanilla, Benzoin, Amber, Musk People who like this perfume also like: Chloé Eau de Parfum, Dolce&Gabbana Light Blue, Yves Saint Laurent Mon Paris","Top notes: Bergamot, Pear, Tangerine","Heart notes: Orange Blossom, Jasmine, Neroli","Base notes: Vanilla, Benzoin, Amber, Musk","People who like this perfume also like: Chloé Eau de Parfum, Dolce&Gabbana Light Blue, Yves Saint Laurent Mon Paris",,,,https://middleeasternscents.co.ke/wp-content/uploads/2025/12/fragrance-world-optimystic-paradox.webp,https://middleeasternscents.co.ke/wp-content/uploads/2025/12/optimystic-paradox.webp,https://middleeasternscents.co.ke/wp-content/uploads/2025/12/optimystic-paradox-768x998.webp,
5897,Grecia Rosa,,,,rosa.jpg,rosa,jpg,https://wsrv.nl/?url=https%3A%2F%2Fmiddleeasternscents.co.ke%2Fwp-content%2Fuploads%2F2025%2F12%2Frosa-768x768.jpg&w=768&fit=contain&trim=10&output=png,KShs,380000,instock,,"Female, Fragrance","Top notes are Champagne Accord, Grapefruit and Pear. Middle notes are Rose, Olibanum, Peony and Jasmine. Base notes are Cedarwood, Vetiver and Oud.",,,,,,,,https://middleeasternscents.co.ke/wp-content/uploads/2025/12/rosa.jpg,https://middleeasternscents.co.ke/wp-content/uploads/2025/12/rosa-768x768.jpg,https://middleeasternscents.co.ke/wp-content/uploads/2025/12/G-rosa.jpg,https://middleeasternscents.co.ke/wp-content/uploads/2025/12/G-rosa-768x768.jpg
5890,Vanilla 01,,,"Scent: Floral, Spicy, Vanilla",vanilla-01-bottle.webp,vanilla-01-bottle,webp,https://wsrv.nl/?url=https%3A%2F%2Fmiddleeasternscents.co.ke%2Fwp-content%2Fuploads%2F2025%2F12%2Fvanilla-01-bottle-768x768.webp&w=768&fit=contain&trim=10&output=png,KShs,750000,instock,,"Female, Fragrance","Top Notes: Pink Pepper, Madagascar Orange Heart Notes: Jasmine Sambac, Cappuccino, Caramel, Tuberose Base Notes: Vanilla Bourbon Absolute, Tonka Bean Absolute, Sandalwood, Musk","Top Notes: Pink Pepper, Madagascar Orange","Heart Notes: Jasmine Sambac, Cappuccino, Caramel, Tuberose","Base Notes: Vanilla Bourbon Absolute, Tonka Bean Absolute, Sandalwood, Musk","Scent: Floral, Spicy, Vanilla",,,,https://middleeasternscents.co.ke/wp-content/uploads/2025/12/vanilla-01-bottle.webp,https://middleeasternscents.co.ke/wp-content/uploads/2025/12/vanilla-01-bottle-768x768.webp,https://middleeasternscents.co.ke/wp-content/uploads/2025/12/vanilla-01.webp,https://middleeasternscents.co.ke/wp-content/uploads/2025/12/vanilla-01-768x768.webp
5798,Hawas For Her,,,"Scent: Floral, Sweet, Woody | Volume: 100ML | Top notes: Apple, Grapefruit, Pomegranate | Middle notes: Citrus, Iris, Jasmine Sambac | Base notes: Patchouli, Praline, Vetiver",Hawas_Her.webp,Hawas_Her,webp,https://wsrv.nl/?url=https%3A%2F%2Fmiddleeasternscents.co.ke%2Fwp-content%2Fuploads%2F2025%2F12%2FHawas_Her-768x768.webp&w=768&fit=contain&trim=10&output=png,KShs,440000,instock,,"Female, Fragrance","Top Notes ~Apple, Grapefruit, Pomegranate Middle Notes ~Jasmine Sambac, Iris Natural, Citrus Base Notes~Patchouli, Vetiver, Praline","Scent: Floral, Sweet, Woody",Volume: 100ML,"Top notes: Apple, Grapefruit, Pomegranate","Middle notes: Citrus, Iris, Jasmine Sambac","Base notes: Patchouli, Praline, Vetiver",,,https://middleeasternscents.co.ke/wp-content/uploads/2025/12/Hawas_Her.webp,https://middleeasternscents.co.ke/wp-content/uploads/2025/12/Hawas_Her-768x768.webp,,
5795,Swar Seduire,,,,arabiyat-prestige-mens-swar-seduire.jpg,arabiyat-prestige-mens-swar-seduire,jpg,https://wsrv.nl/?url=https%3A%2F%2Fmiddleeasternscents.co.ke%2Fwp-content%2Fuploads%2F2025%2F12%2Farabiyat-prestige-mens-swar-seduire-768x768.jpg&w=768&fit=contain&trim=10&output=png,KShs,440000,instock,,"Fragrance, Male","Top Notes : Cinnamon, Dates, Marigold Middle Notes : Dry amber, Sugar Cane, Leathery accord Base Notes : Patchouli, Oud, Vanilla",,,,,,,,https://middleeasternscents.co.ke/wp-content/uploads/2025/12/arabiyat-prestige-mens-swar-seduire.jpg,https://middleeasternscents.co.ke/wp-content/uploads/2025/12/arabiyat-prestige-mens-swar-seduire-768x768.jpg,,
5769,Pinkling,,,"Scent: Floral, Oriental, Smoky, Woody",Pinkling_1.webp,Pinkling_1,webp,https://wsrv.nl/?url=https%3A%2F%2Fmiddleeasternscents.co.ke%2Fwp-content%2Fuploads%2F2025%2F12%2FPinkling_1-768x768.webp&w=768&fit=contain&trim=10&output=png,KShs,330000,instock,,"Female, Fragrance","Top: Cherry, Saffron, Milk Middle: Benzoin, Smoky notes, White flowers Base: Amber, Nagarmotha, Musk","Scent: Floral, Oriental, Smoky, Woody",,,,,,,https://middleeasternscents.co.ke/wp-content/uploads/2025/12/Pinkling_1.webp,https://middleeasternscents.co.ke/wp-content/uploads/2025/12/Pinkling_1-768x768.webp,https://middleeasternscents.co.ke/wp-content/uploads/2025/12/pinkling_perfume_for_men_and_women_box.webp,https://middleeasternscents.co.ke/wp-content/uploads/2025/12/pinkling_perfume_for_men_and_women_box-768x768.webp
5767,Cherry Gossip,,,"Scent: Fruity, Oriental sweet",cherry-g.webp,cherry-g,webp,https://wsrv.nl/?url=https%3A%2F%2Fmiddleeasternscents.co.ke%2Fwp-content%2Fuploads%2F2025%2F12%2Fcherry-g-768x768.webp&w=768&fit=contain&trim=10&output=png,KShs,330000,instock,,"Female, Fragrance","Top: CHERRY , LICORICE , COFFEE Middle: JASMINE , POWDERY , MILKY Base: VANILLA , WOODY , GOURMAND","Scent: Fruity, Oriental sweet",,,,,,,https://middleeasternscents.co.ke/wp-content/uploads/2025/12/cherry-g.webp,https://middleeasternscents.co.ke/wp-content/uploads/2025/12/cherry-g-768x768.webp,,
5765,Taskeen Wowie,,,"Scent: Creamy, Gourmand, Sweet",taskeen_wowie.webp,taskeen_wowie,webp,https://wsrv.nl/?url=https%3A%2F%2Fmiddleeasternscents.co.ke%2Fwp-content%2Fuploads%2F2025%2F12%2Ftaskeen_wowie-768x768.webp&w=768&fit=contain&trim=10&output=png,KShs,210000,instock,,"Female, Fragrance",100ml,"Scent: Creamy, Gourmand, Sweet",,,,,,,https://middleeasternscents.co.ke/wp-content/uploads/2025/12/taskeen_wowie.webp,https://middleeasternscents.co.ke/wp-content/uploads/2025/12/taskeen_wowie-768x768.webp,,
5763,Miraj Exclusif,,,"Scent: Oriental, Woody",miraj-exclusif.webp,miraj-exclusif,webp,https://wsrv.nl/?url=https%3A%2F%2Fmiddleeasternscents.co.ke%2Fwp-content%2Fuploads%2F2025%2F12%2Fmiraj-exclusif.webp&w=768&fit=contain&trim=10&output=png,KShs,380000,instock,,"Fragrance, Unisex","Top Notes: Cardamom, Coffee. Middle Notes: Jasmine Sambac. Base Notes: Vanilla, Incense, Oud.","Scent: Oriental, Woody",,,,,,,https://middleeasternscents.co.ke/wp-content/uploads/2025/12/miraj-exclusif.webp,https://middleeasternscents.co.ke/wp-content/uploads/2025/12/miraj-exclusif-768x961.webp,,
5760,Swar Venin,,,"Scent: Floral, Fruity, Oriental, Sweet",Swar-Venin-1.webp,Swar-Venin-1,webp,https://wsrv.nl/?url=https%3A%2F%2Fmiddleeasternscents.co.ke%2Fwp-content%2Fuploads%2F2025%2F12%2FSwar-Venin-1.webp&w=768&fit=contain&trim=10&output=png,KShs,440000,instock,,"Female, Fragrance","Top Notes : Cherry, Raspberry, Blackcurrant Middle Notes : Incense, Rose, Cedarwood Base Notes : Musk, Ambergris, Vanilla","Scent: Floral, Fruity, Oriental, Sweet",,,,,,,https://middleeasternscents.co.ke/wp-content/uploads/2025/12/Swar-Venin-1.webp,https://middleeasternscents.co.ke/wp-content/uploads/2025/12/Swar-Venin-1-768x640.webp,https://middleeasternscents.co.ke/wp-content/uploads/2025/12/Swar-Venin.webp,https://middleeasternscents.co.ke/wp-content/uploads/2025/12/Swar-Venin-768x640.webp
5757,Nyla Vani-elle,,,"Scent: Gourmand, Musky, Vanilla",23.jpg,23,jpg,https://wsrv.nl/?url=https%3A%2F%2Fmiddleeasternscents.co.ke%2Fwp-content%2Fuploads%2F2025%2F12%2F23.jpg&w=768&fit=contain&trim=10&output=png,KShs,350000,instock,,"Fragrance, Unisex",Top notes: Jasmine. Vanilla Bean Middle notes: Caramel. Amber Base notes: Musk. Tonka Beans. Vanilla,"Scent: Gourmand, Musky, Vanilla",,,,,,,https://middleeasternscents.co.ke/wp-content/uploads/2025/12/23.jpg,https://middleeasternscents.co.ke/wp-content/uploads/2025/12/23-768x640.jpg,https://middleeasternscents.co.ke/wp-content/uploads/2025/12/vanille.jpg,https://middleeasternscents.co.ke/wp-content/uploads/2025/12/vanille-768x640.jpg
5754,Oud Al Layl,,,"Scent: Floral, Musky, Oriental, Woody",oud-al-layal.jpg,oud-al-layal,jpg,https://wsrv.nl/?url=https%3A%2F%2Fmiddleeasternscents.co.ke%2Fwp-content%2Fuploads%2F2025%2F12%2Foud-al-layal.jpg&w=768&fit=contain&trim=10&output=png,KShs,200000,instock,,"Fragrance, Unisex","OP - Rose, Orange, Fruity Accord HEART - Violet, Cedarwood, Sugar BASE - Musk, Moss, Patchouli","Scent: Floral, Musky, Oriental, Woody",,,,,,,https://middleeasternscents.co.ke/wp-content/uploads/2025/12/oud-al-layal.jpg,https://middleeasternscents.co.ke/wp-content/uploads/2025/12/1.jpg,https://middleeasternscents.co.ke/wp-content/uploads/2025/12/1-768x569.jpg,
5751,Fahad Regal,,,"Scent: Amber, Vanilla, Woody",arabiyat-prestige-unisex-fahad-regal.jpg,arabiyat-prestige-unisex-fahad-regal,jpg,https://wsrv.nl/?url=https%3A%2F%2Fmiddleeasternscents.co.ke%2Fwp-content%2Fuploads%2F2025%2F12%2Farabiyat-prestige-unisex-fahad-regal.jpg&w=768&fit=contain&trim=10&output=png,KShs,440000,instock,,"Fragrance, Unisex","Top Notes Cyclamen Heart Notes Labdanum Base Notes Cedarwood, Vanilla, Musk","Scent: Amber, Vanilla, Woody",,,,,,,https://middleeasternscents.co.ke/wp-content/uploads/2025/12/arabiyat-prestige-unisex-fahad-regal.jpg,https://middleeasternscents.co.ke/wp-content/uploads/2025/12/arabiyat-prestige-fahad-regal.jpg,,
5748,Habiba For Women,,,"Scent: Floral Gourmand, Fruity",arabiyat-prestige-ladies-habiba-for-women.jpg,arabiyat-prestige-ladies-habiba-for-women,jpg,https://wsrv.nl/?url=https%3A%2F%2Fmiddleeasternscents.co.ke%2Fwp-content%2Fuploads%2F2025%2F12%2Farabiyat-prestige-ladies-habiba-for-women-768x768.jpg&w=768&fit=contain&trim=10&output=png,KShs,440000,instock,,"Female, Fragrance","Top Notes Apple, Green, Lychee Heart Notes Ambery, Red fruits, White flower Base Notes Caramel, Moss, Musk","Scent: Floral Gourmand, Fruity",,,,,,,https://middleeasternscents.co.ke/wp-content/uploads/2025/12/arabiyat-prestige-ladies-habiba-for-women.jpg,https://middleeasternscents.co.ke/wp-content/uploads/2025/12/arabiyat-prestige-ladies-habiba-for-women-768x768.jpg,https://middleeasternscents.co.ke/wp-content/uploads/2025/12/arabiyat-prestige-ladies-habiba.jpg,https://middleeasternscents.co.ke/wp-content/uploads/2025/12/arabiyat-prestige-ladies-habiba-768x768.jpg
5745,Gelato Black Currant Lolly,,,Scent: Floral Fruity,arabiyat-prestige-ladies-gelato-black.jpg,arabiyat-prestige-ladies-gelato-black,jpg,https://wsrv.nl/?url=https%3A%2F%2Fmiddleeasternscents.co.ke%2Fwp-content%2Fuploads%2F2025%2F12%2Farabiyat-prestige-ladies-gelato-black.jpg&w=768&fit=contain&trim=10&output=png,KShs,440000,instock,,"Female, Fragrance","Top Notes Mandarin, Blackcurrant, Grapefruit Heart Notes Freesia, Patchouli, Rose Base Notes Musk, Vanilla, Ambery",Scent: Floral Fruity,,,,,,,https://middleeasternscents.co.ke/wp-content/uploads/2025/12/arabiyat-prestige-ladies-gelato-black.jpg,https://middleeasternscents.co.ke/wp-content/uploads/2025/12/arabiyat-prestige-ladies-gelato-black-currant-lolly.jpg,,
5742,Aariz Intense,,,"Scent: Oriental, Vanilla",arabiyat-prestige-unisex-aariz.jpg,arabiyat-prestige-unisex-aariz,jpg,https://wsrv.nl/?url=https%3A%2F%2Fmiddleeasternscents.co.ke%2Fwp-content%2Fuploads%2F2025%2F12%2Farabiyat-prestige-unisex-aariz.jpg&w=768&fit=contain&trim=10&output=png,KShs,500000,instock,,"Fragrance, Unisex","Top Notes Cardamom, Fig tree leaves Heart Notes Cedarwood, Lactonic Base Notes Tonka bean, Vanilla","Scent: Oriental, Vanilla",,,,,,,https://middleeasternscents.co.ke/wp-content/uploads/2025/12/arabiyat-prestige-unisex-aariz.jpg,,,
5737,Gelato Raspberry Ripple,,,"Scent: Fruity Floral, Gourmand",arabiyat-prestige-ladies-gelato-raspberry.jpg,arabiyat-prestige-ladies-gelato-raspberry,jpg,https://wsrv.nl/?url=https%3A%2F%2Fmiddleeasternscents.co.ke%2Fwp-content%2Fuploads%2F2025%2F12%2Farabiyat-prestige-ladies-gelato-raspberry.jpg&w=768&fit=contain&trim=10&output=png,KShs,440000,instock,,Fragrance,"Top Notes Freesia, Strawberry, Blackcurrant, Marshmallow Heart Notes Cashmere, Raspberry, Magnolia Base Notes Vanilla, Moss, Caramel","Scent: Fruity Floral, Gourmand",,,,,,,https://middleeasternscents.co.ke/wp-content/uploads/2025/12/arabiyat-prestige-ladies-gelato-raspberry.jpg,https://middleeasternscents.co.ke/wp-content/uploads/2025/12/arabiyat-prestige.jpg,,
5735,Marwa,,,"Scent: Aromatic, Citrusy, Woody",Marwa.webp,Marwa,webp,https://wsrv.nl/?url=https%3A%2F%2Fmiddleeasternscents.co.ke%2Fwp-content%2Fuploads%2F2025%2F12%2FMarwa-768x768.webp&w=768&fit=contain&trim=10&output=png,KShs,440000,instock,,"Fragrance, Male",Top Notes Calabrian Bergamot - Lemon - Sicilian Orange Heart notes : Neroli from Tunisia - Ginger from Nigeria - Cinnamon from Ceylon Base Notes: Chinese black tea - Ambroxan - Olibanum resin - Guaiac wood,"Scent: Aromatic, Citrusy, Woody",,,,,,,https://middleeasternscents.co.ke/wp-content/uploads/2025/12/Marwa.webp,https://middleeasternscents.co.ke/wp-content/uploads/2025/12/Marwa-768x768.webp,,
5731,Cocolatte lassi,,,,french-avenue-cocolatte-lassi.webp,french-avenue-cocolatte-lassi,webp,https://wsrv.nl/?url=https%3A%2F%2Fmiddleeasternscents.co.ke%2Fwp-content%2Fuploads%2F2025%2F12%2Ffrench-avenue-cocolatte-lassi.webp&w=768&fit=contain&trim=10&output=png,KShs,420000,instock,,"Female, Fragrance","Top notes : Creamy vanilla Heart notes : Chocolate pairing, yogurt pairing Base notes : Rum, patchouli, tonka bean.",,,,,,,,https://middleeasternscents.co.ke/wp-content/uploads/2025/12/french-avenue-cocolatte-lassi.webp,,,
5698,Habik Men,,,Scent: Aromatic | Volume: 100ML,habik.webp,habik,webp,https://wsrv.nl/?url=https%3A%2F%2Fmiddleeasternscents.co.ke%2Fwp-content%2Fuploads%2F2025%2F12%2Fhabik-768x768.webp&w=768&fit=contain&trim=10&output=png,KShs,300000,instock,,"Fragrance, Male","Fragrance Notes: Top: Cardamom, Pepper, Artemisia, Bergamot Middle: Sage, Lavender, Cinnamon Bottom: Sandalwood, Patchouli, Tonka Bean, Amberwood, Musk",Scent: Aromatic,Volume: 100ML,,,,,,https://middleeasternscents.co.ke/wp-content/uploads/2025/12/habik.webp,https://middleeasternscents.co.ke/wp-content/uploads/2025/12/habik-768x768.webp,https://middleeasternscents.co.ke/wp-content/uploads/2025/12/Habik-Violet-2.webp,https://middleeasternscents.co.ke/wp-content/uploads/2025/12/Habik-Violet-2-768x776.webp
5594,Narissa Rose Musc for Her,,,"Scent: Floral, powdery",NARISSAROSEMUSC.webp,NARISSAROSEMUSC,webp,https://wsrv.nl/?url=https%3A%2F%2Fmiddleeasternscents.co.ke%2Fwp-content%2Fuploads%2F2025%2F12%2FNARISSAROSEMUSC-768x768.webp&w=768&fit=contain&trim=10&output=png,KShs,220000,instock,,"Female, Fragrance","Experience the delicate yet captivating scent of Narissa Rose Musc for Her. With top notes of Plum, Pink Pepper, and Bergamot, this fragrance delivers a fresh and invigorating first impression. The heart of Musk, Rose, and Tuberose adds a seductive and alluring touch, while the base note of Vanilla provides a soft and comforting finish. Elevate your senses with this luxurious scent.","Scent: Floral, powdery",,,,,,,https://middleeasternscents.co.ke/wp-content/uploads/2025/12/NARISSAROSEMUSC.webp,https://middleeasternscents.co.ke/wp-content/uploads/2025/12/NARISSAROSEMUSC-768x768.webp,,
5587,Classic stone,,,"Scent: Creamy, Spicy",Classic-Stone.webp,Classic-Stone,webp,https://wsrv.nl/?url=https%3A%2F%2Fmiddleeasternscents.co.ke%2Fwp-content%2Fuploads%2F2025%2F12%2FClassic-Stone-768x768.webp&w=768&fit=contain&trim=10&output=png,KShs,490000,instock,,"Fragrance, Unisex","Top: Violet, Saffron, Cardamom, Cumin Heart: Suede, Osmanthus, Clove, Nutmeg Base: Woody, Ambergris, Oakmoss, Musk","Top: Violet, Saffron, Cardamom, Cumin","Heart: Suede, Osmanthus, Clove, Nutmeg","Base: Woody, Ambergris, Oakmoss, Musk","Scent: Creamy, Spicy",,,,https://middleeasternscents.co.ke/wp-content/uploads/2025/12/Classic-Stone.webp,https://middleeasternscents.co.ke/wp-content/uploads/2025/12/Classic-Stone-768x768.webp,https://middleeasternscents.co.ke/wp-content/uploads/2025/12/Classic-Stone-2.webp,https://middleeasternscents.co.ke/wp-content/uploads/2025/12/Classic-Stone-2-768x768.webp
5584,Alive Now,,,,alive-now.webp,alive-now,webp,https://wsrv.nl/?url=https%3A%2F%2Fmiddleeasternscents.co.ke%2Fwp-content%2Fuploads%2F2025%2F12%2Falive-now.webp&w=768&fit=contain&trim=10&output=png,KShs,200000,instock,,"Female, Fragrance","Alive Now by Maison Alhambra is a captivating fruity-floral fragrance for women that unfolds with a delightful blend of freshness and sweetness. The top notes feature juicy lychee, bright raspberry, and a hint of green violet leaf, creating a lively and playful opening that captures attention and promises sensory richness. As the fragrance develops, an elegant floral bouquet emerges at the heart. Peony introduces a touch of floral femininity, rose adds a romantic note, and jasmine infuses subtle sensuality. These heart notes combine to create a harmonious floral symphony, evoking a sense of freshness and grace. The base notes provide depth and lasting allure. Sweet vanilla wraps the fragrance in warmth, while musk adds an earthy, slightly animalic touch, lending a sensual and mysterious finish. Alive Now concludes with an elegant, enduring presence that leaves a memorable impression.",,,,,,,,https://middleeasternscents.co.ke/wp-content/uploads/2025/12/alive-now.webp,https://middleeasternscents.co.ke/wp-content/uploads/2025/12/alive-now-768x644.webp,,
5582,Blue Sapphire,,,,BlueSapphire.webp,BlueSapphire,webp,https://wsrv.nl/?url=https%3A%2F%2Fmiddleeasternscents.co.ke%2Fwp-content%2Fuploads%2F2025%2F12%2FBlueSapphire-768x768.webp&w=768&fit=contain&trim=10&output=png,KShs,360000,instock,,"Fragrance, Male","Top notes : Lemon, Mint and Apple Middle notes : Clary Sage, Marine notes and Geranium Base notes : Patchouli and Cedarwood","Top notes : Lemon, Mint and Apple","Middle notes : Clary Sage, Marine notes and Geranium",Base notes : Patchouli and Cedarwood,,,,,https://middleeasternscents.co.ke/wp-content/uploads/2025/12/BlueSapphire.webp,https://middleeasternscents.co.ke/wp-content/uploads/2025/12/BlueSapphire-768x768.webp,https://middleeasternscents.co.ke/wp-content/uploads/2025/12/BlueSapphire.webp,
5564,O’clock,,,,oclock-1-1.jpeg,oclock-1-1,jpeg,https://wsrv.nl/?url=https%3A%2F%2Fmiddleeasternscents.co.ke%2Fwp-content%2Fuploads%2F2025%2F12%2Foclock-1-1-768x768.jpeg&w=768&fit=contain&trim=10&output=png,KShs,420000,instock,,Fragrance,"Top Notes Apple, Lavender, Cinnamon, Bergamot, Grapefruit, Sparkling Malt Notes Heart Notes Orange Blossom, Lily of the Valley, Leather Base Notes Vanilla CO₂, Musk, Patchouli, Amber",,,,,,,,https://middleeasternscents.co.ke/wp-content/uploads/2025/12/oclock-1-1.jpeg,https://middleeasternscents.co.ke/wp-content/uploads/2025/12/oclock-1-1-768x768.jpeg,https://middleeasternscents.co.ke/wp-content/uploads/2025/12/oclock-2-1.jpeg,
5560,Arya,,,Scent: Floral Fruity,arya.png,arya,png,https://wsrv.nl/?url=https%3A%2F%2Fmiddleeasternscents.co.ke%2Fwp-content%2Fuploads%2F2025%2F12%2F5055810099749_1-800x800-1-768x768.jpg&w=768&fit=contain&trim=10&output=png,KShs,310000,instock,,"Female, Fragrance","Top Notes: Pear, Bergamot, Pink Pepper, Apple, Pink Berries Middle Notes: Neroli, Orange Blossom, Jasmine, Lily Base Notes: Moss, Woody Notes, Cedar, Musk",Scent: Floral Fruity,,,,,,,https://middleeasternscents.co.ke/wp-content/uploads/2025/12/arya.png,https://middleeasternscents.co.ke/wp-content/uploads/2025/12/5055810099749_1-800x800-1.jpg,https://middleeasternscents.co.ke/wp-content/uploads/2025/12/5055810099749_1-800x800-1-768x768.jpg,
5558,Oh Tiara Amethyst,,,,375x500.77783.2x.avif,375x500.77783.2x,avif,https://wsrv.nl/?url=https%3A%2F%2Fmiddleeasternscents.co.ke%2Fwp-content%2Fuploads%2F2025%2F12%2F375x500.77783.2x.avif&w=768&fit=contain&trim=10&output=png,KShs,210000,instock,,"Female, Fragrance",100ml,,,,,,,,https://middleeasternscents.co.ke/wp-content/uploads/2025/12/375x500.77783.2x.avif,,,
5555,Layla,,,,2_27aaeaf1-cb4d-4089-b678-2b7f675f4e6d_large.jpeg,2_27aaeaf1-cb4d-4089-b678-2b7f675f4e6d_large,jpeg,https://wsrv.nl/?url=https%3A%2F%2Fmiddleeasternscents.co.ke%2Fwp-content%2Fuploads%2F2025%2F12%2F1_762bcc6a-33b3-4a99-a18f-9b533f8a7ff6-768x768.jpeg&w=768&fit=contain&trim=10&output=png,KShs,260000,instock,,"Female, Fragrance","Top Notes: Raspberry, Strawberry, Cherry, Mandarin Orange Heart Notes: Black Currant, Grapefruit Base Notes: Musk, Patchouli",,,,,,,,https://middleeasternscents.co.ke/wp-content/uploads/2025/12/2_27aaeaf1-cb4d-4089-b678-2b7f675f4e6d_large.jpeg,https://middleeasternscents.co.ke/wp-content/uploads/2025/12/1_762bcc6a-33b3-4a99-a18f-9b533f8a7ff6.jpeg,https://middleeasternscents.co.ke/wp-content/uploads/2025/12/1_762bcc6a-33b3-4a99-a18f-9b533f8a7ff6-768x768.jpeg,
5549,Elysia Pista Sundae,,,,375x500.107609.2x.avif,375x500.107609.2x,avif,https://wsrv.nl/?url=https%3A%2F%2Fmiddleeasternscents.co.ke%2Fwp-content%2Fuploads%2F2025%2F12%2F375x500.107609.2x.avif&w=768&fit=contain&trim=10&output=png,KShs,210000,instock,,"Female, Fragrance","Top notes are Pistachio, Hazelnut, Cardamom and Rum; middle notes are Pear, Raspberry and Jasmine; base notes are Vanilla and Marshmallow.",,,,,,,,https://middleeasternscents.co.ke/wp-content/uploads/2025/12/375x500.107609.2x.avif,https://middleeasternscents.co.ke/wp-content/uploads/2025/12/images-2025-12-03T215033.578.jpeg,,
5546,Queenstown Intense,,,Scent: Floral,maison-alhambra-queenstown-pour-femme-intense-edp-100ml.webp,maison-alhambra-queenstown-pour-femme-intense-edp-100ml,webp,https://wsrv.nl/?url=https%3A%2F%2Fmiddleeasternscents.co.ke%2Fwp-content%2Fuploads%2F2025%2F12%2Fmaison-alhambra-queenstown-pour-femme-intense-edp-100ml.webp&w=768&fit=contain&trim=10&output=png,KShs,180000,instock,,"Female, Fragrance","Top Notes: Sicilian Lemon, Orange, Jasmine Heart Notes: Black Cherry, Heliotrope Base Notes: Amber, Woody Notes","Top Notes: Sicilian Lemon, Orange, Jasmine","Heart Notes: Black Cherry, Heliotrope","Base Notes: Amber, Woody Notes",Scent: Floral,,,,https://middleeasternscents.co.ke/wp-content/uploads/2025/12/maison-alhambra-queenstown-pour-femme-intense-edp-100ml.webp,https://middleeasternscents.co.ke/wp-content/uploads/2025/12/maison-alhambra-queenstown-pour-femme-intense-edp-100ml-1.webp,,
5511,Tease Me,,,"Scent: Aromatic, Oriental",aromatix-teas-me-french-avenue.webp,aromatix-teas-me-french-avenue,webp,https://wsrv.nl/?url=https%3A%2F%2Fmiddleeasternscents.co.ke%2Fwp-content%2Fuploads%2F2025%2F12%2Faromatix-teas-me-french-avenue.webp&w=768&fit=contain&trim=10&output=png,KShs,450000,instock,,"Fragrance, Male","Top notes: ginger, lime. Heart notes: black tea, hedione, geranium, cardamom. Base notes: tonka, vanilla, amber, patchouli, olibanum.","Scent: Aromatic, Oriental",,,,,,,https://middleeasternscents.co.ke/wp-content/uploads/2025/12/aromatix-teas-me-french-avenue.webp,,,
5507,Nectare Extradose,,,Scent: Floral,Nectare.jpg,Nectare,jpg,https://wsrv.nl/?url=https%3A%2F%2Fmiddleeasternscents.co.ke%2Fwp-content%2Fuploads%2F2025%2F12%2FNectare.jpg&w=768&fit=contain&trim=10&output=png,KShs,420000,instock,,"Female, Fragrance","Top notes are Bitter Orange, Bergamot, Neroli, Pear and Ginger; middle notes are Honey, Tuberose, Orange Blossom and Jasmine; base notes are Walnut Milk, Vanilla, Tobacco, Woody Notes and Musk.",Scent: Floral,,,,,,,https://middleeasternscents.co.ke/wp-content/uploads/2025/12/Nectare.jpg,https://middleeasternscents.co.ke/wp-content/uploads/2025/12/Nectare-768x481.jpg,,
